poll_timestamp,recorded_at_time,line_ref,vehicle_ref,operator_ref,latitude,longitude,bearing
2026-07-29 09:05:56.291253,2026-07-29 03:20:13,X5,SCCU-10014,SCCU,54.667065,-2.75572,96
2026-07-29 09:05:56.291253,2026-07-29 04:00:51,X5,SCCU-10548,SCCU,54.643574,-3.548556,54
2026-07-29 09:05:56.291253,2026-07-28 18:58:20,300,SCCU-10624,SCCU,0.0,0.0,0
2026-07-29 09:05:56.291253,2026-07-28 22:31:42,300,SCCU-11123,SCCU,54.845909,-3.041166,258
2026-07-29 09:05:56.291253,2026-07-29 01:25:25,X5,SCCU-11124,SCCU,54.642746,-3.545311,0
2026-07-29 09:05:56.291253,2026-07-29 00:01:53,1,SCCU-11633,SCCU,53.760639,-2.695254,342
2026-07-29 09:05:56.291253,2026-07-28 23:09:58,1,SCCU-12211,SCCU,54.050854,-2.800524,0
2026-07-29 09:05:56.291253,2026-07-29 01:11:04,599,SCCU-13801,SCCU,54.330986,-2.744337,78
2026-07-29 09:05:56.291253,2026-07-29 00:30:16,599,SCCU-13802,SCCU,54.329651,-2.74497,174
2026-07-29 09:05:56.291253,2026-07-28 22:23:01,599,SCCU-13803,SCCU,54.331047,-2.743807,66
2026-07-29 09:05:56.291253,2026-07-29 00:41:13,599,SCCU-13806,SCCU,54.330776,-2.745596,72
2026-07-29 09:05:56.291253,2026-07-29 02:23:10,X5,SCCU-15222,SCCU,54.64373,-3.548731,0
2026-07-29 09:05:56.291253,2026-07-28 12:03:24,300,SCCU-15223,SCCU,0.0,0.0,0
2026-07-29 09:05:56.291253,2026-07-28 23:20:49,1,SCCU-15300,SCCU,53.760361,-2.696067,264
2026-07-29 09:05:56.291253,2026-07-28 18:23:46,1,SCCU-15578,SCCU,53.831356,-2.602638,306
2026-07-29 09:05:56.291253,2026-07-28 15:02:04,X5,SCCU-15723,SCCU,54.610222,-3.194064,132
2026-07-29 09:05:56.291253,2026-07-28 23:19:39,1,SCCU-15729,SCCU,54.097408,-3.257873,342
2026-07-29 09:05:56.291253,2026-07-28 23:20:23,X5,SCCU-15849,SCCU,54.642765,-3.545971,282
2026-07-29 09:05:56.291253,2026-07-28 14:00:34,1,SCCU-15854,SCCU,0.0,0.0,0
2026-07-29 09:05:56.291253,2026-07-29 04:21:24,2A,SCCU-15910,SCCU,0.0,0.0,0
2026-07-29 09:05:56.291253,2026-07-28 14:19:32,599,SCCU-19161,SCCU,54.332283,-2.750732,276
2026-07-29 09:05:56.291253,2026-07-28 23:52:47,599,SCCU-19574,SCCU,54.330948,-2.744482,60
2026-07-29 09:05:56.291253,2026-07-29 05:00:44,1,SCCU-27116,SCCU,53.760548,-2.695357,336
2026-07-29 09:05:56.291253,2026-07-29 04:34:35,1,SCCU-27266,SCCU,0.0,0.0,0
2026-07-29 09:05:56.291253,2026-07-29 01:59:41,1,SCCU-27291,SCCU,53.765282,-2.682793,228
2026-07-29 09:05:56.291253,2026-07-29 03:02:14,X5,SCCU-27768,SCCU,54.643581,-3.548491,168
2026-07-29 09:15:17.516091,2026-07-29 09:15:08,300,SCCU-27768,SCCU,54.643784,-3.548716,12
2026-07-29 09:15:39.679614,2026-07-29 09:15:29,300,SCCU-27768,SCCU,54.643795,-3.548661,12
2026-07-29 09:16:02.075117,2026-07-29 09:15:49,300,SCCU-27768,SCCU,54.643688,-3.548561,204
2026-07-29 09:16:24.561051,2026-07-29 09:16:09,300,SCCU-27768,SCCU,54.643414,-3.549387,288
2026-07-29 09:16:46.138348,2026-07-29 09:16:29,300,SCCU-27768,SCCU,54.643879,-3.552153,288
2026-07-29 09:17:08.013307,2026-07-29 09:16:49,300,SCCU-27768,SCCU,54.644531,-3.555002,306
2026-07-29 09:17:29.535611,2026-07-29 09:17:10,300,SCCU-27768,SCCU,54.644928,-3.557544,276
2026-07-29 09:17:51.388999,2026-07-29 09:17:30,300,SCCU-27768,SCCU,54.645969,-3.557657,30
2026-07-29 09:18:14.111785,2026-07-29 09:17:50,300,SCCU-27768,SCCU,54.646133,-3.555486,72
2026-07-29 09:18:36.531204,2026-07-29 09:18:10,300,SCCU-27768,SCCU,54.647171,-3.552854,66
2026-07-29 09:18:58.641836,2026-07-29 09:18:50,300,SCCU-27768,SCCU,54.650311,-3.551926,12
2026-07-29 09:19:43.650494,2026-07-29 09:19:30,300,SCCU-27768,SCCU,54.651646,-3.553323,36
2026-07-29 09:20:06.728875,2026-07-29 09:19:50,300,SCCU-27768,SCCU,54.653809,-3.553105,348
2026-07-29 09:20:29.109451,2026-07-29 09:20:11,300,SCCU-27768,SCCU,54.656578,-3.554255,342
2026-07-29 09:20:50.319456,2026-07-29 09:20:31,300,SCCU-27768,SCCU,54.659233,-3.554987,6
2026-07-29 09:21:11.510467,2026-07-29 09:20:51,300,SCCU-27768,SCCU,54.66193,-3.5538,18
2026-07-29 09:21:33.246187,2026-07-29 09:21:11,300,SCCU-27768,SCCU,54.664295,-3.551528,30
2026-07-29 09:21:56.391612,2026-07-29 09:21:31,300,SCCU-27768,SCCU,54.666328,-3.548925,42
2026-07-29 09:22:18.823442,2026-07-29 09:21:51,300,SCCU-27768,SCCU,54.66856,-3.546123,30
2026-07-29 09:22:41.419408,2026-07-29 09:22:31,300,SCCU-27768,SCCU,54.673847,-3.540127,30
2026-07-29 09:23:03.940011,2026-07-29 09:22:51,300,SCCU-27768,SCCU,54.676659,-3.53695,36
2026-07-29 09:23:26.823443,2026-07-29 09:23:11,300,SCCU-27768,SCCU,54.679272,-3.534182,30
2026-07-29 09:23:49.519451,2026-07-29 09:23:31,300,SCCU-27768,SCCU,54.681404,-3.531237,48
2026-07-29 09:24:12.054822,2026-07-29 09:23:52,300,SCCU-27768,SCCU,54.683395,-3.527608,42
2026-07-29 09:24:34.597150,2026-07-29 09:24:12,300,SCCU-27768,SCCU,54.685288,-3.52483,30
2026-07-29 09:24:56.798148,2026-07-29 09:24:32,300,SCCU-27768,SCCU,54.687058,-3.522881,30
2026-07-29 09:05:56.291253,2026-07-28 23:47:43,1,SCCU-36103,SCCU,53.760742,-2.695554,348
2026-07-29 09:05:56.291253,2026-07-28 12:22:51,44,SCCU-36336,SCCU,54.328735,-2.747146,180
2026-07-29 09:05:56.291253,2026-07-29 04:15:15,2A,SCCU-36798,SCCU,53.56694,-2.881593,192
2026-07-29 09:05:56.291253,2026-07-28 23:33:19,1,SCCU-36820,SCCU,53.760883,-2.695364,0
2026-07-29 09:05:56.291253,2026-07-29 00:41:48,1,SCCU-36988,SCCU,54.112206,-3.227988,138
2026-07-29 09:05:56.291253,2026-07-28 22:42:54,1,SCCU-36990,SCCU,54.111885,-3.228403,204
2026-07-29 09:05:56.291253,2026-07-28 22:47:55,1,SCCU-37041,SCCU,54.132675,-3.21636,0
2026-07-29 09:05:56.291253,2026-07-28 23:15:21,1,SCCU-37484,SCCU,54.136879,-3.20996,0
2026-07-29 09:05:56.291253,2026-07-28 21:57:17,530,SCCU-47237,SCCU,54.199841,-2.952413,12
2026-07-29 09:05:56.291253,2026-07-28 23:20:08,41A,SCCU-47334,SCCU,54.329899,-2.745116,324
2026-07-29 09:05:56.291253,2026-07-29 03:28:35,1,SCCU-48199,SCCU,54.095833,-3.256849,336
2026-07-29 09:05:56.291253,2026-07-29 05:09:06,1,SCMY-10573,SCMY,53.331749,-2.97688,168
2026-07-29 09:05:56.291253,2026-07-28 11:34:03,1,SCMY-10574,SCMY,53.367866,-3.00247,84
2026-07-29 09:05:56.291253,2026-07-29 02:45:57,1,SCMY-10575,SCMY,53.391483,-3.02148,102
2026-07-29 09:05:56.291253,2026-07-29 02:32:39,1,SCMY-10576,SCMY,53.368309,-3.003114,144
2026-07-29 09:05:56.291253,2026-07-29 00:08:49,1,SCMY-10577,SCMY,53.367737,-3.002812,330
2026-07-29 09:05:56.291253,2026-07-29 00:34:54,1,SCMY-10814,SCMY,53.196606,-2.880891,12
2026-07-29 09:05:56.291253,2026-07-29 01:56:36,1,SCMY-11101,SCMY,53.194405,-2.888107,348
2026-07-29 09:05:56.291253,2026-07-29 01:18:17,1,SCMY-11621,SCMY,53.367344,-3.002698,330
2026-07-29 09:05:56.291253,2026-07-29 05:24:31,1,SCMY-11622,SCMY,53.391331,-3.021899,42
2026-07-29 09:05:56.291253,2026-07-29 02:11:51,1,SCMY-11623,SCMY,53.367706,-3.002949,330
2026-07-29 09:05:56.291253,2026-07-29 00:42:00,1,SCMY-11624,SCMY,53.315872,-2.963725,192
2026-07-29 09:05:56.291253,2026-07-29 01:29:48,1,SCMY-11625,SCMY,53.368435,-3.002813,48
2026-07-29 09:05:56.291253,2026-07-29 05:02:55,1,SCMY-15584,SCMY,53.193996,-2.887971,78
2026-07-29 09:05:56.291253,2026-07-28 22:46:48,157,SCMY-36821,SCMY,0.0,0.0,0
2026-07-29 09:05:56.291253,2026-07-28 23:17:55,157,SCMY-36822,SCMY,53.468704,-2.779466,264
2026-07-29 09:05:56.291253,2026-07-28 21:32:58,157,SCMY-44024,SCMY,53.488857,-2.672714,114
2026-07-29 09:05:56.291253,2026-07-28 13:51:53,157,SCMY-47879,SCMY,53.513207,-2.803848,318
2026-07-29 09:05:56.291253,2026-07-28 23:52:35,14B,SCMY-80509,SCMY,53.457333,-2.85389,258
2026-07-29 09:16:46.138348,2026-07-29 09:16:34,10A,SCMY-82402,SCMY,53.463024,-2.899243,0
2026-07-29 09:17:08.013307,2026-07-29 09:16:54,10A,SCMY-82402,SCMY,53.463032,-2.899235,0
2026-07-29 09:17:29.535611,2026-07-29 09:17:14,10A,SCMY-82402,SCMY,53.463032,-2.899187,0
2026-07-29 09:17:51.388999,2026-07-29 09:17:34,10A,SCMY-82402,SCMY,53.463036,-2.899159,0
2026-07-29 09:18:14.111785,2026-07-29 09:17:54,10A,SCMY-82402,SCMY,53.463047,-2.89915,0
2026-07-29 09:18:36.531204,2026-07-29 09:18:15,10A,SCMY-82402,SCMY,53.463055,-2.899145,0
2026-07-29 09:18:58.641836,2026-07-29 09:18:35,10A,SCMY-82402,SCMY,53.463062,-2.899148,0
2026-07-29 09:19:20.600884,2026-07-29 09:18:55,10A,SCMY-82402,SCMY,53.463074,-2.899146,0
2026-07-29 09:19:43.650494,2026-07-29 09:19:35,10A,SCMY-82402,SCMY,53.463055,-2.899189,0
2026-07-29 09:20:06.728875,2026-07-29 09:19:55,10A,SCMY-82402,SCMY,53.463036,-2.899201,0
2026-07-29 09:20:29.109451,2026-07-29 09:20:15,10A,SCMY-82402,SCMY,53.463028,-2.899205,0
2026-07-29 09:20:50.319456,2026-07-29 09:20:36,10A,SCMY-82402,SCMY,53.463024,-2.899212,0
2026-07-29 09:21:11.510467,2026-07-29 09:20:56,10A,SCMY-82402,SCMY,53.463032,-2.899162,0
2026-07-29 09:21:33.246187,2026-07-29 09:21:16,10A,SCMY-82402,SCMY,53.462917,-2.89901,162
2026-07-29 09:21:56.391612,2026-07-29 09:21:36,10A,SCMY-82402,SCMY,53.46236,-2.899307,240
2026-07-29 09:22:18.823442,2026-07-29 09:21:56,10A,SCMY-82402,SCMY,53.462044,-2.900347,240
2026-07-29 09:22:41.419408,2026-07-29 09:22:16,10A,SCMY-82402,SCMY,53.461807,-2.900632,144
2026-07-29 09:23:03.940011,2026-07-29 09:22:57,10A,SCMY-82402,SCMY,53.461193,-2.900552,240
2026-07-29 09:23:49.519451,2026-07-29 09:23:37,10A,SCMY-82402,SCMY,53.459484,-2.906463,246
2026-07-29 09:24:12.054822,2026-07-29 09:23:57,10A,SCMY-82402,SCMY,53.45866,-2.909364,246
2026-07-29 09:24:34.597150,2026-07-29 09:24:17,10A,SCMY-82402,SCMY,53.457981,-2.91014,156
2026-07-29 09:24:56.798148,2026-07-29 09:24:37,10A,SCMY-82402,SCMY,53.456493,-2.908724,150
2026-07-29 09:05:56.291253,2026-07-28 23:44:42,10A,SCMY-82411,SCMY,53.465519,-2.851369,264
2026-07-29 09:05:56.291253,2026-07-29 04:12:26,10A,SCMY-82412,SCMY,53.451778,-2.738629,228
2026-07-29 09:05:56.291253,2026-07-29 05:15:56,10A,SCMY-82415,SCMY,53.462925,-2.900775,24
2026-07-29 09:05:56.291253,2026-07-29 02:21:39,10A,SCMY-82417,SCMY,53.451866,-2.738735,228
2026-07-29 09:05:56.291253,2026-07-29 04:29:33,10A,SCMY-82423,SCMY,53.46875,-2.778581,264
2026-07-29 09:05:56.291253,2026-07-29 04:21:01,10A,SCMY-82425,SCMY,53.401653,-2.988957,246
2026-07-29 09:05:56.291253,2026-07-28 23:04:09,10A,SCMY-82426,SCMY,53.451557,-2.739097,222
2026-07-29 09:12:20.087762,2026-07-29 09:12:02,10A,SCMY-82442,SCMY,53.462997,-2.899172,0
2026-07-29 09:12:42.722334,2026-07-29 09:12:22,10A,SCMY-82442,SCMY,53.463001,-2.899159,0
2026-07-29 09:13:03.933277,2026-07-29 09:12:42,10A,SCMY-82442,SCMY,53.46302,-2.89912,0
2026-07-29 09:13:26.007034,2026-07-29 09:13:02,10A,SCMY-82442,SCMY,53.463051,-2.899077,0
2026-07-29 09:13:48.360903,2026-07-29 09:13:22,10A,SCMY-82442,SCMY,53.462574,-2.898826,198
2026-07-29 09:14:10.654173,2026-07-29 09:14:03,10A,SCMY-82442,SCMY,53.461803,-2.900472,0
2026-07-29 09:14:32.790970,2026-07-29 09:14:23,10A,SCMY-82442,SCMY,53.461819,-2.900454,84
2026-07-29 09:14:55.272674,2026-07-29 09:14:43,10A,SCMY-82442,SCMY,53.461945,-2.900568,0
2026-07-29 09:15:17.516091,2026-07-29 09:15:04,10A,SCMY-82442,SCMY,53.462097,-2.900861,126
2026-07-29 09:15:39.679614,2026-07-29 09:15:24,10A,SCMY-82442,SCMY,53.462219,-2.897994,66
2026-07-29 09:16:02.075117,2026-07-29 09:15:44,10A,SCMY-82442,SCMY,53.462544,-2.896655,66
2026-07-29 09:16:24.561051,2026-07-29 09:16:05,10A,SCMY-82442,SCMY,53.462997,-2.894419,72
2026-07-29 09:16:46.138348,2026-07-29 09:16:25,10A,SCMY-82442,SCMY,53.463596,-2.888744,78
2026-07-29 09:17:08.013307,2026-07-29 09:16:45,10A,SCMY-82442,SCMY,53.464058,-2.88288,84
2026-07-29 09:17:29.535611,2026-07-29 09:17:25,10A,SCMY-82442,SCMY,53.464466,-2.877909,84
2026-07-29 09:17:51.388999,2026-07-29 09:17:45,10A,SCMY-82442,SCMY,53.46447,-2.877911,84
2026-07-29 09:18:14.111785,2026-07-29 09:18:05,10A,SCMY-82442,SCMY,53.464466,-2.877898,84
2026-07-29 09:18:36.531204,2026-07-29 09:18:26,10A,SCMY-82442,SCMY,53.464683,-2.874836,84
2026-07-29 09:18:58.641836,2026-07-29 09:18:46,10A,SCMY-82442,SCMY,53.464973,-2.868557,84
2026-07-29 09:19:20.600884,2026-07-29 09:19:06,10A,SCMY-82442,SCMY,53.465229,-2.862826,84
2026-07-29 09:19:43.650494,2026-07-29 09:19:26,10A,SCMY-82442,SCMY,53.465504,-2.856719,84
2026-07-29 09:20:06.728875,2026-07-29 09:19:46,10A,SCMY-82442,SCMY,53.465717,-2.852412,84
2026-07-29 09:20:29.109451,2026-07-29 09:20:07,10A,SCMY-82442,SCMY,53.465721,-2.852268,84
2026-07-29 09:20:50.319456,2026-07-29 09:20:27,10A,SCMY-82442,SCMY,53.465721,-2.852264,84
2026-07-29 09:21:11.510467,2026-07-29 09:20:47,10A,SCMY-82442,SCMY,53.465778,-2.850822,84
2026-07-29 09:21:33.246187,2026-07-29 09:21:27,10A,SCMY-82442,SCMY,53.466278,-2.839377,84
2026-07-29 09:21:56.391612,2026-07-29 09:21:48,10A,SCMY-82442,SCMY,53.466564,-2.832924,84
2026-07-29 09:22:18.823442,2026-07-29 09:22:08,10A,SCMY-82442,SCMY,53.466835,-2.826786,84
2026-07-29 09:22:41.419408,2026-07-29 09:22:28,10A,SCMY-82442,SCMY,53.467106,-2.820639,84
2026-07-29 09:23:03.940011,2026-07-29 09:22:48,10A,SCMY-82442,SCMY,53.467384,-2.814451,84
2026-07-29 09:23:26.823443,2026-07-29 09:23:08,10A,SCMY-82442,SCMY,53.467518,-2.808484,84
2026-07-29 09:23:49.519451,2026-07-29 09:23:29,10A,SCMY-82442,SCMY,53.467617,-2.804429,54
2026-07-29 09:24:12.054822,2026-07-29 09:23:49,10A,SCMY-82442,SCMY,53.467613,-2.800884,84
2026-07-29 09:24:34.597150,2026-07-29 09:24:29,10A,SCMY-82442,SCMY,53.468372,-2.788717,84
2026-07-29 09:05:56.291253,2026-07-29 00:39:22,10A,SCMY-82447,SCMY,53.451405,-2.73909,216
2026-07-29 09:05:56.291253,2026-07-29 04:40:20,10A,SCMY-82448,SCMY,53.40168,-2.988919,246
2026-07-29 09:05:56.291253,2026-07-29 00:11:11,10A,SCMY-82449,SCMY,53.451447,-2.739161,216
2026-07-29 09:05:56.291253,2026-07-29 00:47:21,10A,SCMY-82450,SCMY,53.451859,-2.738494,222
2026-07-29 09:05:56.291253,2026-07-28 23:09:58,5,SCCU-10555,SCCU,54.112068,-3.228137,12
2026-07-29 09:05:56.291253,2026-07-28 19:28:06,567,SCCU-10559,SCCU,54.330093,-2.745478,0
2026-07-29 09:05:56.291253,2026-07-28 23:09:33,125,SCCU-11117,SCCU,53.653187,-2.628067,306
2026-07-29 09:05:56.291253,2026-07-28 22:32:22,55,SCCU-11144,SCCU,54.050449,-2.800564,6
2026-07-29 09:05:56.291253,2026-07-28 23:25:49,55,SCCU-11145,SCCU,54.050674,-2.800516,294
2026-07-29 09:05:56.291253,2026-07-29 04:28:39,125,SCCU-11630,SCCU,53.652576,-2.627841,300
2026-07-29 09:05:56.291253,2026-07-28 23:55:02,125,SCCU-11635,SCCU,53.652828,-2.627839,0
2026-07-29 09:05:56.291253,2026-07-29 04:21:48,125,SCCU-11636,SCCU,53.653523,-2.627583,162
2026-07-29 09:05:56.291253,2026-07-29 04:16:14,125,SCCU-11639,SCCU,53.598362,-2.548608,222
2026-07-29 09:05:56.291253,2026-07-29 03:47:09,125,SCCU-11640,SCCU,53.618942,-2.599792,312
2026-07-29 09:05:56.291253,2026-07-29 01:14:58,127,SCCU-11641,SCCU,53.65303,-2.628016,0
2026-07-29 09:05:56.291253,2026-07-29 00:23:35,125,SCCU-11642,SCCU,53.653278,-2.628103,0
2026-07-29 09:05:56.291253,2026-07-28 23:26:14,125,SCCU-11645,SCCU,53.652695,-2.627817,66
2026-07-29 09:05:56.291253,2026-07-29 04:57:06,125,SCCU-11698,SCCU,53.649136,-2.608815,18
2026-07-29 09:05:56.291253,2026-07-28 14:33:28,125,SCCU-11700,SCCU,53.625023,-2.607391,162
2026-07-29 09:05:56.291253,2026-07-29 00:38:42,125,SCCU-11701,SCCU,53.760925,-2.695149,348
2026-07-29 09:05:56.291253,2026-07-28 22:28:57,125,SCCU-11704,SCCU,53.652542,-2.62763,6
2026-07-29 09:05:56.291253,2026-07-28 23:38:57,55,SCCU-12206,SCCU,54.055824,-2.808038,276
2026-07-29 09:05:56.291253,2026-07-28 20:03:53,55,SCCU-12209,SCCU,54.082088,-2.805699,330
2026-07-29 09:05:56.291253,2026-07-28 23:52:43,125,SCCU-15226,SCCU,53.760971,-2.695442,300
2026-07-29 09:05:56.291253,2026-07-28 23:22:17,125,SCCU-15230,SCCU,53.653359,-2.628495,6
2026-07-29 09:05:56.291253,2026-07-28 22:35:10,125,SCCU-15231,SCCU,53.652569,-2.627872,0
2026-07-29 09:05:56.291253,2026-07-28 23:55:29,125,SCCU-15233,SCCU,53.652988,-2.627953,348
2026-07-29 09:05:56.291253,2026-07-28 22:57:13,125,SCCU-15238,SCCU,53.653091,-2.627979,336
2026-07-29 09:05:56.291253,2026-07-28 22:49:17,125,SCCU-15242,SCCU,53.65308,-2.628662,0
2026-07-29 09:05:56.291253,2026-07-28 23:10:05,125,SCCU-15244,SCCU,53.761002,-2.6955,18
2026-07-29 09:05:56.291253,2026-07-29 03:36:19,125,SCCU-15245,SCCU,53.651451,-2.626673,162
2026-07-29 09:05:56.291253,2026-07-28 23:02:08,55,SCCU-15697,SCCU,54.050793,-2.800517,0
2026-07-29 09:05:56.291253,2026-07-29 00:25:46,125,SCCU-15912,SCCU,53.652729,-2.627722,102
2026-07-29 09:05:56.291253,2026-07-29 01:17:41,5,SCCU-19247,SCCU,54.01683,-2.861832,126
2026-07-29 09:05:56.291253,2026-07-28 23:08:46,62,SCCU-26012,SCCU,54.876652,-2.96291,330
2026-07-29 09:05:56.291253,2026-07-28 23:34:24,5,SCCU-27168,SCCU,54.016716,-2.861779,324
2026-07-29 09:05:56.291253,2026-07-29 04:20:45,5,SCCU-27169,SCCU,54.016605,-2.861319,126
2026-07-29 09:05:56.291253,2026-07-29 00:23:02,5,SCCU-27170,SCCU,54.016701,-2.861319,102
2026-07-29 09:05:56.291253,2026-07-29 04:17:50,5,SCCU-27174,SCCU,54.121098,-2.761226,96
2026-07-29 09:05:56.291253,2026-07-28 22:29:21,5,SCCU-27743,SCCU,54.017349,-2.862894,144
2026-07-29 09:05:56.291253,2026-07-28 16:02:53,93,SCCU-36182,SCCU,54.89463,-2.932339,270
2026-07-29 09:05:56.291253,2026-07-28 23:19:23,62,SCCU-36422,SCCU,54.896564,-2.935828,0
2026-07-29 09:05:56.291253,2026-07-29 03:39:12,62,SCCU-37035,SCCU,54.896385,-2.935599,0
2026-07-29 09:05:56.291253,2026-07-29 00:29:29,400,SCCU-37036,SCCU,54.894253,-2.9322,222
2026-07-29 09:05:56.291253,2026-07-28 23:49:25,505,SCCU-37103,SCCU,0.0,0.0,0
2026-07-29 09:05:56.291253,2026-07-29 00:09:08,567,SCCU-37104,SCCU,54.329624,-2.745234,336
2026-07-29 09:05:56.291253,2026-07-29 00:30:39,62,SCCU-37107,SCCU,54.893143,-2.949473,0
2026-07-29 09:05:56.291253,2026-07-29 02:22:04,505,SCCU-37120,SCCU,54.329594,-2.745171,270
2026-07-29 09:05:56.291253,2026-07-29 00:59:16,400,SCCU-37124,SCCU,54.898689,-2.948708,96
2026-07-29 09:05:56.291253,2026-07-29 01:13:14,89,SCCU-37483,SCCU,53.928421,-2.995651,102
2026-07-29 09:05:56.291253,2026-07-28 20:07:42,5,SCCU-47731,SCCU,54.080551,-2.83739,198
2026-07-29 09:05:56.291253,2026-07-28 22:01:22,77,SCCU-48001,SCCU,54.663792,-3.429224,222
2026-07-29 09:05:56.291253,2026-07-29 00:00:36,77,SCCU-48002,SCCU,0.0,0.0,0
2026-07-29 09:05:56.291253,2026-07-28 20:40:43,89,SCCU-48129,SCCU,53.994873,-2.830809,84
2026-07-29 09:05:56.291253,2026-07-28 20:25:56,52,SCCU-48132,SCCU,54.661453,-3.525368,6
2026-07-29 09:05:56.291253,2026-07-28 22:35:12,29A,SCCU-48133,SCCU,54.61517,-3.515533,42
2026-07-29 09:05:56.291253,2026-07-28 23:47:49,14,SCMY-10567,SCMY,53.461105,-2.894234,300
2026-07-29 09:05:56.291253,2026-07-29 02:40:09,471,SCMY-10815,SCMY,53.327972,-3.097606,126
2026-07-29 09:05:56.291253,2026-07-29 01:38:54,21,SCMY-10820,SCMY,53.459972,-2.908152,108
2026-07-29 09:05:56.291253,2026-07-28 23:28:31,14A,SCMY-10828,SCMY,53.502232,-2.888351,54
2026-07-29 09:05:56.291253,2026-07-29 00:56:45,21,SCMY-10831,SCMY,53.489006,-2.874029,294
2026-07-29 09:05:56.291253,2026-07-29 04:53:11,14,SCMY-10838,SCMY,53.461883,-2.894974,336
2026-07-29 09:05:56.291253,2026-07-28 22:30:19,14,SCMY-10842,SCMY,53.462189,-2.895339,312
2026-07-29 09:05:56.291253,2026-07-29 03:53:58,14,SCMY-10843,SCMY,53.407764,-2.981797,78
2026-07-29 09:05:56.291253,2026-07-29 03:18:33,471,SCMY-10882,SCMY,53.328014,-3.097871,126
2026-07-29 09:05:56.291253,2026-07-29 02:00:17,471,SCMY-10883,SCMY,53.328384,-3.097705,234
2026-07-29 09:05:56.291253,2026-07-29 01:33:26,471,SCMY-10885,SCMY,53.327995,-3.097669,72
2026-07-29 09:05:56.291253,2026-07-28 14:16:23,14A,SCMY-11102,SCMY,53.405216,-2.989722,0
2026-07-29 09:05:56.291253,2026-07-28 23:46:19,14,SCMY-15749,SCMY,53.194687,-2.887715,66
2026-07-29 09:05:56.291253,2026-07-28 23:08:43,400,SCMY-17502,SCMY,0.0,0.0,0
2026-07-29 09:05:56.291253,2026-07-28 23:56:00,PR3,SCMY-26055,SCMY,53.227188,-2.89461,6
2026-07-29 09:05:56.291253,2026-07-28 23:41:56,PR3,SCMY-26057,SCMY,53.226582,-2.889397,12
2026-07-29 09:05:56.291253,2026-07-29 04:36:08,21,SCMY-27144,SCMY,53.407326,-2.982285,240
2026-07-29 09:05:56.291253,2026-07-29 01:12:54,14,SCMY-27211,SCMY,53.194641,-2.887899,54
2026-07-29 09:05:56.291253,2026-07-29 04:44:05,14A,SCMY-27214,SCMY,53.194428,-2.88959,96
2026-07-29 09:05:56.291253,2026-07-28 23:44:12,16,SCMY-36804,SCMY,53.194294,-2.889359,126
2026-07-29 09:05:56.291253,2026-07-29 00:37:48,52,SCMY-36809,SCMY,53.19445,-2.889645,0
2026-07-29 09:05:56.291253,2026-07-29 00:16:40,16,SCMY-36812,SCMY,53.370197,-3.094218,54
2026-07-29 09:05:56.291253,2026-07-29 03:28:21,5,SCMY-36815,SCMY,53.170963,-2.861129,0
2026-07-29 09:05:56.291253,2026-07-28 23:58:14,5,SCMY-36816,SCMY,53.078907,-2.881625,222
2026-07-29 09:05:56.291253,2026-07-28 22:41:31,5,SCMY-36817,SCMY,53.170864,-2.861449,306
2026-07-29 09:05:56.291253,2026-07-29 04:40:33,16,SCMY-36818,SCMY,53.187508,-2.890256,342
2026-07-29 09:05:56.291253,2026-07-29 04:18:00,14A,SCMY-80501,SCMY,53.481342,-2.88869,150
2026-07-29 09:05:56.291253,2026-07-29 03:46:55,21,SCMY-80510,SCMY,53.409821,-2.967788,186
2026-07-29 09:05:56.291253,2026-07-29 04:26:15,14,SCMY-80525,SCMY,53.461269,-2.894342,306
2026-07-29 09:05:56.291253,2026-07-29 00:08:38,21,SCMY-82406,SCMY,53.478344,-2.875068,216
2026-07-29 09:05:56.291253,2026-07-29 05:08:40,21,SCMY-82407,SCMY,53.481396,-2.889267,288
2026-07-29 09:05:56.291253,2026-07-29 04:53:19,21,SCMY-82432,SCMY,53.463097,-2.9005,0
2026-07-29 09:05:56.291253,2026-07-29 01:53:36,104,SCCU-10016,SCCU,54.894077,-2.932554,0
2026-07-29 09:05:56.291253,2026-07-28 23:25:42,79,SCCU-10018,SCCU,54.894203,-2.932171,132
2026-07-29 09:05:56.291253,2026-07-29 00:20:52,2X,SCCU-10020,SCCU,54.035912,-2.897562,180
2026-07-29 09:05:56.291253,2026-07-29 03:47:30,600,SCCU-10622,SCCU,54.663616,-3.366106,84
2026-07-29 09:05:56.291253,2026-07-28 14:07:42,600,SCCU-10690,SCCU,54.615116,-3.513576,198
2026-07-29 09:05:56.291253,2026-07-28 23:22:42,68,SCCU-11114,SCCU,53.817307,-3.054781,150
2026-07-29 09:05:56.291253,2026-07-29 00:19:38,61,SCCU-11115,SCCU,53.76041,-2.694762,0
2026-07-29 09:05:56.291253,2026-07-28 22:45:18,61,SCCU-11125,SCCU,0.0,0.0,0
2026-07-29 09:05:56.291253,2026-07-28 22:53:59,104,SCCU-11154,SCCU,54.897869,-2.948473,0
2026-07-29 09:05:56.291253,2026-07-28 23:14:47,61,SCCU-11157,SCCU,54.892082,-2.935619,210
2026-07-29 09:05:56.291253,2026-07-29 00:31:17,2X,SCCU-11202,SCCU,54.050713,-2.801991,90
2026-07-29 09:05:56.291253,2026-07-28 22:44:21,2X,SCCU-11204,SCCU,54.035393,-2.89658,108
2026-07-29 09:05:56.291253,2026-07-28 22:56:14,2X,SCCU-11206,SCCU,54.070438,-2.871618,180
2026-07-29 09:05:56.291253,2026-07-29 00:52:09,3,SCCU-11629,SCCU,53.761295,-2.695285,162
2026-07-29 09:05:56.291253,2026-07-28 12:18:52,3,SCCU-11637,SCCU,53.762138,-2.695779,132
2026-07-29 09:05:56.291253,2026-07-29 01:19:10,X2,SCCU-11638,SCCU,53.76115,-2.695213,156
2026-07-29 09:05:56.291253,2026-07-29 03:53:26,X2,SCCU-11644,SCCU,53.762287,-2.697398,144
2026-07-29 09:05:56.291253,2026-07-29 02:34:48,X2,SCCU-11663,SCCU,53.762108,-2.695958,108
2026-07-29 09:05:56.291253,2026-07-29 03:31:47,X2,SCCU-15229,SCCU,53.760456,-2.694913,288
2026-07-29 09:05:56.291253,2026-07-29 04:58:17,61,SCCU-15246,SCCU,53.76067,-2.695643,312
2026-07-29 09:05:56.291253,2026-07-29 02:59:02,X2,SCCU-15247,SCCU,53.762283,-2.69636,78
2026-07-29 09:05:56.291253,2026-07-28 15:32:34,X2,SCCU-15296,SCCU,53.680954,-2.933933,66
2026-07-29 09:10:02.147335,2026-07-29 09:05:55,X2,SCCU-15296,SCCU,53.76041,-2.695556,0
2026-07-29 09:10:24.442917,2026-07-29 09:09:58,X2,SCCU-15296,SCCU,53.755863,-2.711313,228
2026-07-29 09:10:46.849913,2026-07-29 09:10:38,X2,SCCU-15296,SCCU,53.753876,-2.717425,240
2026-07-29 09:12:20.087762,2026-07-29 09:11:59,X2,SCCU-15296,SCCU,53.749992,-2.728775,234
2026-07-29 09:12:42.722334,2026-07-29 09:12:19,X2,SCCU-15296,SCCU,53.749943,-2.730228,264
2026-07-29 09:13:03.933277,2026-07-29 09:12:40,X2,SCCU-15296,SCCU,53.74934,-2.733374,246
2026-07-29 09:13:26.007034,2026-07-29 09:13:20,X2,SCCU-15296,SCCU,53.747093,-2.738439,210
2026-07-29 09:14:32.790970,2026-07-29 09:14:20,X2,SCCU-15296,SCCU,53.743259,-2.745118,228
2026-07-29 09:14:55.272674,2026-07-29 09:14:40,X2,SCCU-15296,SCCU,53.741695,-2.747748,222
2026-07-29 09:15:17.516091,2026-07-29 09:15:01,X2,SCCU-15296,SCCU,53.740665,-2.748605,222
2026-07-29 09:15:39.679614,2026-07-29 09:15:21,X2,SCCU-15296,SCCU,53.739864,-2.750096,222
2026-07-29 09:16:02.075117,2026-07-29 09:15:41,X2,SCCU-15296,SCCU,53.737949,-2.753818,234
2026-07-29 09:16:24.561051,2026-07-29 09:16:01,X2,SCCU-15296,SCCU,53.735794,-2.758124,228
2026-07-29 09:16:46.138348,2026-07-29 09:16:21,X2,SCCU-15296,SCCU,53.734066,-2.75907,180
2026-07-29 09:19:43.650494,2026-07-29 09:19:23,X2,SCCU-15296,SCCU,53.707287,-2.793659,252
2026-07-29 09:20:06.728875,2026-07-29 09:19:44,X2,SCCU-15296,SCCU,53.706799,-2.795758,234
2026-07-29 09:20:29.109451,2026-07-29 09:20:04,X2,SCCU-15296,SCCU,53.704609,-2.799336,222
2026-07-29 09:20:50.319456,2026-07-29 09:20:24,X2,SCCU-15296,SCCU,53.701317,-2.804682,222
2026-07-29 09:21:11.510467,2026-07-29 09:20:45,X2,SCCU-15296,SCCU,53.698032,-2.80999,222
2026-07-29 09:05:56.291253,2026-07-28 22:48:28,X2,SCCU-15297,SCCU,53.557644,-3.056434,162
2026-07-29 09:05:56.291253,2026-07-28 15:05:22,X2,SCCU-15298,SCCU,0.0,0.0,0
2026-07-29 09:05:56.291253,2026-07-29 02:20:52,X2,SCCU-15301,SCCU,53.761128,-2.695795,0
2026-07-29 09:05:56.291253,2026-07-29 04:03:56,68,SCCU-15302,SCCU,53.751625,-3.031114,228
2026-07-29 09:05:56.291253,2026-07-28 17:38:04,X2,SCCU-15304,SCCU,53.545849,-3.054153,0
2026-07-29 09:05:56.291253,2026-07-29 03:22:51,68,SCCU-15474,SCCU,53.815373,-3.05581,354
2026-07-29 09:05:56.291253,2026-07-29 01:30:56,68,SCCU-15580,SCCU,0.0,0.0,0
2026-07-29 09:05:56.291253,2026-07-29 01:04:58,68,SCCU-15582,SCCU,53.762623,-2.69794,42
2026-07-29 09:05:56.291253,2026-07-29 03:58:49,68,SCCU-15839,SCCU,53.762161,-2.696241,90
2026-07-29 09:05:56.291253,2026-07-29 04:55:42,61,SCCU-15855,SCCU,53.778297,-2.877571,90
2026-07-29 09:05:56.291253,2026-07-28 23:40:02,2X,SCCU-19141,SCCU,54.035488,-2.897116,174
2026-07-29 09:05:56.291253,2026-07-29 03:29:26,61,SCCU-19569,SCCU,54.888782,-2.959592,54
2026-07-29 09:05:56.291253,2026-07-29 04:11:45,104,SCCU-25266,SCCU,54.897995,-2.948678,324
2026-07-29 09:05:56.291253,2026-07-29 01:10:31,79,SCCU-26009,SCCU,54.894039,-2.932451,258
2026-07-29 09:05:56.291253,2026-07-29 05:11:15,600,SCCU-26010,SCCU,54.897984,-2.948778,222
2026-07-29 09:23:49.519451,2026-07-29 09:23:32,61,SCCU-26010,SCCU,54.89864,-2.9491,0
2026-07-29 09:24:12.054822,2026-07-29 09:23:52,61,SCCU-26010,SCCU,54.898643,-2.949103,0
2026-07-29 09:24:34.597150,2026-07-29 09:24:13,61,SCCU-26010,SCCU,54.898647,-2.949111,0
2026-07-29 09:24:56.798148,2026-07-29 09:24:33,61,SCCU-26010,SCCU,54.898655,-2.949139,0
2026-07-29 09:05:56.291253,2026-07-29 02:05:32,600,SCCU-27101,SCCU,54.894062,-2.932576,258
2026-07-29 09:05:56.291253,2026-07-28 22:58:11,79,SCCU-27107,SCCU,54.894127,-2.931952,174
2026-07-29 09:05:56.291253,2026-07-29 00:11:46,79,SCCU-27141,SCCU,54.894302,-2.932337,264
2026-07-29 09:05:56.291253,2026-07-29 01:50:52,79,SCCU-27161,SCCU,54.894199,-2.931875,168
2026-07-29 09:05:56.291253,2026-07-28 23:28:07,61,SCCU-27164,SCCU,0.0,0.0,0
2026-07-29 09:05:56.291253,2026-07-28 23:53:18,104,SCCU-27166,SCCU,54.666676,-2.760046,144
2026-07-29 09:05:56.291253,2026-07-28 23:43:27,68,SCCU-27259,SCCU,0.0,0.0,0
2026-07-29 09:05:56.291253,2026-07-28 22:40:34,3,SCCU-27268,SCCU,53.761253,-2.695732,0
2026-07-29 09:05:56.291253,2026-07-29 01:04:25,600,SCCU-27296,SCCU,54.894051,-2.932247,0
2026-07-29 09:05:56.291253,2026-07-29 00:53:24,79,SCCU-27744,SCCU,54.894424,-2.932007,174
2026-07-29 09:05:56.291253,2026-07-28 18:57:17,104,SCCU-27745,SCCU,54.894173,-2.932166,102
2026-07-29 09:05:56.291253,2026-07-29 00:42:24,600,SCCU-27746,SCCU,54.652012,-3.464792,210
2026-07-29 09:05:56.291253,2026-07-29 03:06:29,600,SCCU-27749,SCCU,54.894241,-2.931942,168
2026-07-29 09:05:56.291253,2026-07-28 22:26:27,79,SCCU-27753,SCCU,54.995464,-3.066541,162
2026-07-29 09:05:56.291253,2026-07-28 22:33:41,508,SCCU-27769,SCCU,54.662273,-2.757744,48
2026-07-29 09:05:56.291253,2026-07-28 23:57:43,79,SCCU-27810,SCCU,54.894203,-2.932009,192
2026-07-29 09:05:56.291253,2026-07-29 01:33:55,3,SCCU-28636,SCCU,53.761982,-2.695693,144
2026-07-29 09:05:56.291253,2026-07-28 23:36:47,61,SCCU-28673,SCCU,53.818222,-3.054888,168
2026-07-29 09:05:56.291253,2026-07-29 02:14:50,61,SCCU-28674,SCCU,53.760994,-2.695301,0
2026-07-29 09:05:56.291253,2026-07-29 04:47:35,3,SCCU-28676,SCCU,53.762131,-2.698748,48
2026-07-29 09:05:56.291253,2026-07-28 22:03:50,61,SCCU-28677,SCCU,54.89418,-2.932259,96
2026-07-29 09:05:56.291253,2026-07-29 04:12:57,79,SCCU-36173,SCCU,54.894058,-2.932249,264
2026-07-29 09:05:56.291253,2026-07-28 23:57:30,104,SCCU-36196,SCCU,54.890068,-2.936027,306
2026-07-29 09:05:56.291253,2026-07-29 01:39:14,508,SCCU-36417,SCCU,54.330837,-2.745038,78
2026-07-29 09:05:56.291253,2026-07-29 02:42:34,3,SCCU-36419,SCCU,54.140186,-3.229923,24
2026-07-29 09:05:56.291253,2026-07-29 03:09:52,3,SCCU-36800,SCCU,0.0,0.0,0
2026-07-29 09:05:56.291253,2026-07-29 02:54:00,104,SCCU-37037,SCCU,54.894325,-2.932335,54
2026-07-29 09:05:56.291253,2026-07-29 02:15:37,508,SCCU-37093,SCCU,54.66106,-2.758172,198
2026-07-29 09:05:56.291253,2026-07-28 22:46:55,3,SCCU-37097,SCCU,54.111797,-3.228434,228
2026-07-29 09:05:56.291253,2026-07-29 04:17:27,61,SCCU-37121,SCCU,54.881371,-2.902956,300
2026-07-29 09:05:56.291253,2026-07-29 00:46:32,104,SCCU-37122,SCCU,54.665302,-2.751237,264
2026-07-29 09:05:56.291253,2026-07-28 21:53:58,60,SCCU-47966,SCCU,0.0,0.0,0
2026-07-29 09:05:56.291253,2026-07-29 04:12:32,81,SCCU-48128,SCCU,54.081371,-2.69461,228
2026-07-29 09:05:56.291253,2026-07-29 02:04:07,17A,SCMY-10566,SCMY,53.407578,-2.981994,234
2026-07-29 09:05:56.291253,2026-07-29 00:34:00,20,SCMY-10819,SCMY,53.481484,-2.888769,114
2026-07-29 09:05:56.291253,2026-07-28 23:59:06,20,SCMY-10821,SCMY,53.48135,-2.888725,210
2026-07-29 09:05:56.291253,2026-07-29 04:46:38,20,SCMY-10826,SCMY,53.460922,-2.902235,66
2026-07-29 09:05:56.291253,2026-07-29 00:18:01,20,SCMY-10827,SCMY,53.407955,-2.983795,228
2026-07-29 09:05:56.291253,2026-07-29 04:35:25,217,SCMY-10833,SCMY,53.46307,-2.900402,60
2026-07-29 09:05:56.291253,2026-07-29 01:28:42,217,SCMY-10836,SCMY,53.481651,-2.889295,114
2026-07-29 09:05:56.291253,2026-07-29 00:37:40,20,SCMY-11109,SCMY,53.481373,-2.888732,120
2026-07-29 09:05:56.291253,2026-07-29 01:32:11,31,SCMY-19907,SCMY,53.506142,-2.932011,210
2026-07-29 09:05:56.291253,2026-07-28 23:29:59,PR1,SCMY-26052,SCMY,53.160782,-2.912661,120
2026-07-29 09:05:56.291253,2026-07-28 23:52:19,PR1,SCMY-26053,SCMY,53.160778,-2.912562,96
2026-07-29 09:05:56.291253,2026-07-28 19:14:00,PR1,SCMY-26058,SCMY,53.161549,-2.907774,114
2026-07-29 09:05:56.291253,2026-07-29 00:28:59,2X,SCMY-27271,SCMY,53.194313,-2.888094,336
2026-07-29 09:05:56.291253,2026-07-29 05:11:59,31,SCMY-36314,SCMY,53.46257,-2.900634,150
2026-07-29 09:05:56.291253,2026-07-28 23:11:11,136,SCMY-36318,SCMY,53.451786,-2.990728,348
2026-07-29 09:05:56.291253,2026-07-28 23:32:21,61,SCMY-36803,SCMY,53.1437,-3.003867,324
2026-07-29 09:05:56.291253,2026-07-29 01:46:12,217,SCMY-36813,SCMY,53.481758,-2.889789,126
2026-07-29 09:05:56.291253,2026-07-29 00:55:11,217,SCMY-36861,SCMY,53.481815,-2.889902,120
2026-07-29 09:05:56.291253,2026-07-29 00:57:56,17A,SCMY-80504,SCMY,53.407406,-2.982116,0
2026-07-29 09:05:56.291253,2026-07-29 05:09:46,20,SCMY-80506,SCMY,53.462891,-2.900724,324
2026-07-29 09:05:56.291253,2026-07-28 19:47:34,17A,SCMY-80511,SCMY,53.462238,-2.899963,0
2026-07-29 09:05:56.291253,2026-07-29 00:06:49,20,SCMY-80514,SCMY,53.408512,-2.983489,48
2026-07-29 09:05:56.291253,2026-07-29 02:32:43,17A,SCMY-80520,SCMY,53.461521,-2.900307,60
2026-07-29 09:05:56.291253,2026-07-29 05:08:26,20,SCMY-80522,SCMY,0.0,0.0,0
2026-07-29 09:05:56.291253,2026-07-29 04:57:58,17A,SCMY-82403,SCMY,53.48156,-2.890013,282
2026-07-29 09:05:56.291253,2026-07-29 01:01:45,20,SCMY-82434,SCMY,53.498825,-2.880798,276
2026-07-29 09:05:56.291253,2026-07-29 04:26:06,20,SCMY-82440,SCMY,53.452122,-2.963448,210
2026-07-29 09:05:56.291253,2026-07-28 23:23:05,40,SCCU-10029,SCCU,54.050694,-2.801362,54
2026-07-29 09:05:56.291253,2026-07-29 05:25:32,30,SCCU-10623,SCCU,54.643814,-3.548565,12
2026-07-29 09:05:56.291253,2026-07-28 23:14:39,6,SCCU-10694,SCCU,54.111072,-3.230603,138
2026-07-29 09:05:56.291253,2026-07-29 00:38:37,30,SCCU-11120,SCCU,54.643757,-3.548561,132
2026-07-29 09:05:56.291253,2026-07-29 01:02:29,30,SCCU-11122,SCCU,54.643761,-3.54866,18
2026-07-29 09:05:56.291253,2026-07-29 03:10:32,40,SCCU-11139,SCCU,54.05072,-2.801237,66
2026-07-29 09:05:56.291253,2026-07-29 05:08:22,100,SCCU-11140,SCCU,54.048862,-2.803199,348
2026-07-29 09:05:56.291253,2026-07-29 05:31:01,100,SCCU-11142,SCCU,54.049748,-2.803244,0
2026-07-29 09:05:56.291253,2026-07-29 00:18:30,30,SCCU-11152,SCCU,54.531841,-3.540991,0
2026-07-29 09:05:56.291253,2026-07-28 23:01:37,40,SCCU-11210,SCCU,54.06097,-2.841703,0
2026-07-29 09:05:56.291253,2026-07-29 05:03:33,100,SCCU-11212,SCCU,0.0,0.0,0
2026-07-29 09:05:56.291253,2026-07-28 23:01:33,100,SCCU-12207,SCCU,54.070648,-2.870698,102
2026-07-29 09:05:56.291253,2026-07-28 22:03:44,100,SCCU-12210,SCCU,54.070492,-2.872604,78
2026-07-29 09:05:56.291253,2026-07-28 23:51:32,9,SCCU-15241,SCCU,53.760178,-2.695372,234
2026-07-29 09:05:56.291253,2026-07-29 04:49:55,100,SCCU-15679,SCCU,54.050396,-2.801475,300
2026-07-29 09:05:56.291253,2026-07-29 03:36:31,30,SCCU-15721,SCCU,54.598984,-3.536171,24
2026-07-29 09:05:56.291253,2026-07-29 00:18:19,6,SCCU-15728,SCCU,54.110867,-3.228779,0
2026-07-29 09:05:56.291253,2026-07-29 02:00:16,6,SCCU-15822,SCCU,54.1119,-3.227924,42
2026-07-29 09:05:56.291253,2026-07-28 13:36:32,9,SCCU-15908,SCCU,53.760357,-2.694278,240
2026-07-29 09:05:56.291253,2026-07-28 23:37:43,9,SCCU-15911,SCCU,53.760323,-2.694475,246
2026-07-29 09:05:56.291253,2026-07-28 23:23:39,30,SCCU-15920,SCCU,54.643501,-3.548441,0
2026-07-29 09:05:56.291253,2026-07-28 22:35:12,30,SCCU-26002,SCCU,54.643509,-3.548684,180
2026-07-29 09:05:56.291253,2026-07-29 04:58:21,30,SCCU-26003,SCCU,54.548592,-3.585459,132
2026-07-29 09:05:56.291253,2026-07-29 02:27:53,30,SCCU-26004,SCCU,54.548077,-3.588238,306
2026-07-29 09:05:56.291253,2026-07-28 23:29:02,30,SCCU-26005,SCCU,54.599812,-3.53642,48
2026-07-29 09:05:56.291253,2026-07-29 00:24:07,30,SCCU-26006,SCCU,54.643684,-3.548569,162
2026-07-29 09:05:56.291253,2026-07-28 23:49:52,30,SCCU-26141,SCCU,54.643597,-3.548612,60
2026-07-29 09:05:56.291253,2026-07-28 21:32:52,6,SCCU-27167,SCCU,54.070671,-2.87077,54
2026-07-29 09:05:56.291253,2026-07-29 04:03:55,7,SCCU-27172,SCCU,54.05043,-2.801151,270
2026-07-29 09:05:56.291253,2026-07-29 00:52:26,30,SCCU-27751,SCCU,54.643547,-3.548562,18
2026-07-29 09:05:56.291253,2026-07-29 05:11:47,30,SCCU-27752,SCCU,54.643635,-3.550925,108
2026-07-29 09:05:56.291253,2026-07-29 00:32:07,30,SCCU-27766,SCCU,54.599533,-3.536968,42
2026-07-29 09:05:56.291253,2026-07-28 23:19:36,30,SCCU-28748,SCCU,54.6436,-3.548599,54
2026-07-29 09:05:56.291253,2026-07-29 05:20:26,30,SCCU-36105,SCCU,0.0,0.0,0
2026-07-29 09:05:56.291253,2026-07-29 00:18:03,63,SCCU-37125,SCCU,54.886078,-2.980164,0
2026-07-29 09:05:56.291253,2026-07-29 04:19:52,30,SCCU-37493,SCCU,54.643547,-3.54867,120
2026-07-29 09:05:56.291253,2026-07-29 04:03:21,11,SCCU-48036,SCCU,0.0,0.0,0
2026-07-29 09:05:56.291253,2026-07-28 23:23:28,3A,SCCU-48131,SCCU,54.547707,-3.587546,312
2026-07-29 09:05:56.291253,2026-07-29 01:34:00,51,SCCU-48195,SCCU,54.102787,-2.79501,210
2026-07-29 09:05:56.291253,2026-07-29 05:08:04,6,SCCU-48196,SCCU,54.111927,-3.22852,30
2026-07-29 09:05:56.291253,2026-07-29 02:00:57,7,SCCU-48198,SCCU,54.112137,-3.228328,318
2026-07-29 09:05:56.291253,2026-07-29 00:24:13,7,SCCU-48200,SCCU,54.111256,-3.22957,54
2026-07-29 09:05:56.291253,2026-07-29 04:29:09,38A,SCMY-11628,SCMY,53.359261,-2.998403,96
2026-07-29 09:05:56.291253,2026-07-29 00:34:58,38,SCMY-15466,SCMY,53.359299,-2.998524,48
2026-07-29 09:05:56.291253,2026-07-29 01:31:44,38A,SCMY-15467,SCMY,53.359344,-2.998783,36
2026-07-29 09:05:56.291253,2026-07-29 04:43:39,38A,SCMY-15471,SCMY,53.396423,-3.124854,246
2026-07-29 09:05:56.291253,2026-07-29 00:32:13,38,SCMY-15596,SCMY,53.306362,-2.972598,54
2026-07-29 09:05:56.291253,2026-07-29 05:29:46,38A,SCMY-15743,SCMY,53.359116,-2.999736,36
2026-07-29 09:05:56.291253,2026-07-28 23:47:20,38,SCMY-15744,SCMY,53.339428,-2.975367,48
2026-07-29 09:05:56.291253,2026-07-29 03:34:26,38A,SCMY-27219,SCMY,53.359268,-2.99865,126
2026-07-29 09:05:56.291253,2026-07-28 19:02:16,W7,SCMY-27272,SCMY,53.192753,-2.529232,276
2026-07-29 09:05:56.291253,2026-07-29 05:01:22,33,SCMY-36797,SCMY,53.477776,-2.906824,144
2026-07-29 09:05:56.291253,2026-07-29 00:00:15,6,SCMY-48193,SCMY,53.276432,-2.904202,138
2026-07-29 09:05:56.291253,2026-07-29 04:41:08,82,SCMY-82410,SCMY,53.358356,-2.890211,66
2026-07-29 09:05:56.291253,2026-07-28 23:52:41,82,SCMY-82413,SCMY,53.358356,-2.890162,84
2026-07-29 09:05:56.291253,2026-07-29 03:57:28,82,SCMY-82418,SCMY,53.402023,-2.987231,0
2026-07-29 09:05:56.291253,2026-07-29 00:40:32,82,SCMY-82419,SCMY,53.402279,-2.986954,324
2026-07-29 09:05:56.291253,2026-07-29 00:06:27,82,SCMY-82424,SCMY,53.358208,-2.890838,114
2026-07-29 09:05:56.291253,2026-07-29 05:19:05,82,SCMY-82427,SCMY,53.358356,-2.889922,90
2026-07-29 09:05:56.291253,2026-07-29 03:57:33,82,SCMY-82438,SCMY,53.358212,-2.890543,60
2026-07-29 09:05:56.291253,2026-07-29 05:00:22,82,SCMY-82444,SCMY,53.35508,-2.892563,180
2026-07-29 09:05:56.291253,2026-07-28 21:06:24,6C,SCCU-10022,SCCU,54.070709,-2.870698,84
2026-07-29 09:05:56.291253,2026-07-28 23:50:22,685,SCCU-10691,SCCU,54.894043,-2.932078,240
2026-07-29 09:05:56.291253,2026-07-29 04:20:55,685,SCCU-11155,SCCU,54.898384,-2.948514,168
2026-07-29 09:05:56.291253,2026-07-29 03:24:33,685,SCCU-11156,SCCU,54.894104,-2.932101,222
2026-07-29 09:05:56.291253,2026-07-28 18:41:51,755,SCCU-11215,SCCU,54.024052,-2.905615,138
2026-07-29 09:05:56.291253,2026-07-28 23:04:25,45,SCCU-11578,SCCU,54.328629,-2.747228,192
2026-07-29 09:05:56.291253,2026-07-29 07:59:30,111,SCCU-11631,SCCU,53.753979,-2.690078,42
2026-07-29 09:05:56.291253,2026-07-29 00:11:38,111,SCCU-11643,SCCU,53.760883,-2.695263,0
2026-07-29 09:05:56.291253,2026-07-28 23:49:17,111,SCCU-15227,SCCU,53.761688,-2.695458,132
2026-07-29 09:05:56.291253,2026-07-29 04:55:02,111,SCCU-15232,SCCU,53.762569,-2.698041,66
2026-07-29 09:05:56.291253,2026-07-29 00:42:15,111,SCCU-15236,SCCU,53.761131,-2.695831,354
2026-07-29 09:05:56.291253,2026-07-29 03:41:03,111,SCCU-15239,SCCU,53.761513,-2.695443,168
2026-07-29 09:05:56.291253,2026-07-28 23:41:00,111,SCCU-15240,SCCU,53.761116,-2.695452,348
2026-07-29 09:05:56.291253,2026-07-29 00:44:22,111,SCCU-15243,SCCU,53.757935,-2.690757,138
2026-07-29 09:05:56.291253,2026-07-28 13:03:53,111,SCCU-15249,SCCU,53.779266,-2.736566,270
2026-07-29 09:05:56.291253,2026-07-29 02:00:30,111,SCCU-15535,SCCU,53.760971,-2.6952,300
2026-07-29 09:05:56.291253,2026-07-29 00:29:19,111,SCCU-15581,SCCU,53.689117,-2.726606,288
2026-07-29 09:05:56.291253,2026-07-29 01:13:42,755,SCCU-15699,SCCU,54.071499,-2.860667,90
2026-07-29 09:05:56.291253,2026-07-28 23:45:23,6C,SCCU-15818,SCCU,54.064445,-2.842826,240
2026-07-29 09:05:56.291253,2026-07-29 04:19:04,111,SCCU-15823,SCCU,53.761692,-2.695522,348
2026-07-29 09:05:56.291253,2026-07-29 03:56:20,111,SCCU-15906,SCCU,53.761604,-2.694694,0
2026-07-29 09:05:56.291253,2026-07-29 01:02:37,111,SCCU-15909,SCCU,53.761128,-2.695282,312
2026-07-29 09:05:56.291253,2026-07-29 01:24:17,179,SCCU-25267,SCCU,54.898666,-2.949109,0
2026-07-29 09:05:56.291253,2026-07-29 01:16:06,563,SCCU-27295,SCCU,54.66272,-2.75663,270
2026-07-29 09:05:56.291253,2026-07-29 02:15:06,685,SCCU-37123,SCCU,54.894089,-2.932254,276
2026-07-29 09:05:56.291253,2026-07-29 00:09:49,472,SCMY-10884,SCMY,53.340759,-3.081032,324
2026-07-29 09:05:56.291253,2026-07-28 23:55:22,472,SCMY-10888,SCMY,53.34169,-3.082192,330
2026-07-29 09:05:56.291253,2026-07-28 20:38:50,97,SCMY-47335,SCMY,53.486172,-2.902551,54
2026-07-29 09:05:56.291253,2026-07-29 04:25:25,86,SCMY-82401,SCMY,53.359104,-2.889977,210
2026-07-29 09:05:56.291253,2026-07-29 04:11:39,86C,SCMY-82404,SCMY,53.391796,-2.892806,198
2026-07-29 09:05:56.291253,2026-07-28 23:37:03,86,SCMY-82409,SCMY,53.358581,-2.89053,210
2026-07-29 09:05:56.291253,2026-07-28 21:32:15,86,SCMY-82414,SCMY,53.401897,-2.98638,156
2026-07-29 09:05:56.291253,2026-07-29 04:42:45,86C,SCMY-82420,SCMY,53.365326,-2.891979,0
2026-07-29 09:05:56.291253,2026-07-29 01:01:10,86,SCMY-82421,SCMY,53.35836,-2.889982,0
2026-07-29 09:05:56.291253,2026-07-29 05:21:39,86,SCMY-82428,SCMY,53.440922,-2.908548,48
2026-07-29 09:05:56.291253,2026-07-29 00:08:53,86C,SCMY-82430,SCMY,53.402329,-2.986614,246
2026-07-29 09:05:56.291253,2026-07-29 04:43:34,86,SCMY-82433,SCMY,53.402313,-2.986621,240
2026-07-29 09:05:56.291253,2026-07-29 05:03:14,86,SCMY-82435,SCMY,53.358208,-2.889714,168
2026-07-29 09:05:56.291253,2026-07-29 00:14:48,86,SCMY-82443,SCMY,53.357945,-2.890278,288
2026-07-29 09:05:56.291253,2026-07-28 23:53:17,X6,SCCU-10553,SCCU,54.111927,-3.227972,48
2026-07-29 09:05:56.291253,2026-07-29 04:45:11,555,SCCU-10560,SCCU,54.329597,-2.745298,258
2026-07-29 09:05:56.291253,2026-07-29 00:04:53,555,SCCU-10561,SCCU,54.050857,-2.800505,0
2026-07-29 09:05:56.291253,2026-07-28 23:10:39,555,SCCU-10562,SCCU,54.050796,-2.800503,12
2026-07-29 09:05:56.291253,2026-07-28 23:58:38,2,SCCU-10692,SCCU,54.114021,-3.235397,318
2026-07-29 09:05:56.291253,2026-07-28 22:06:22,555,SCCU-11205,SCCU,54.050652,-2.800601,0
2026-07-29 09:05:56.291253,2026-07-29 00:52:40,555,SCCU-11211,SCCU,54.050514,-2.800625,354
2026-07-29 09:05:56.291253,2026-07-29 00:50:33,555,SCCU-11571,SCCU,54.330013,-2.745442,0
2026-07-29 09:05:56.291253,2026-07-29 01:50:18,555,SCCU-11572,SCCU,54.32991,-2.745439,348
2026-07-29 09:05:56.291253,2026-07-29 03:23:38,555,SCCU-11573,SCCU,54.32972,-2.745427,324
2026-07-29 09:05:56.291253,2026-07-29 03:48:44,555,SCCU-11574,SCCU,54.329914,-2.74516,0
2026-07-29 09:05:56.291253,2026-07-29 02:57:04,555,SCCU-11575,SCCU,54.430039,-2.962592,72
2026-07-29 09:05:56.291253,2026-07-28 23:42:50,555,SCCU-11577,SCCU,54.3302,-2.745429,270
2026-07-29 09:05:56.291253,2026-07-29 02:48:12,555,SCCU-11579,SCCU,54.329582,-2.745044,150
2026-07-29 09:05:56.291253,2026-07-29 01:27:18,X6,SCCU-15685,SCCU,54.111595,-3.229214,42
2026-07-29 09:05:56.291253,2026-07-29 05:20:42,X6,SCCU-15725,SCCU,54.11195,-3.228197,138
2026-07-29 09:05:56.291253,2026-07-29 00:04:26,X6,SCCU-15727,SCCU,54.194061,-3.094503,282
2026-07-29 09:05:56.291253,2026-07-29 04:44:44,2,SCCU-15840,SCCU,0.0,0.0,0
2026-07-29 09:05:56.291253,2026-07-29 00:33:09,2,SCCU-15907,SCCU,53.761353,-2.695469,114
2026-07-29 09:05:56.291253,2026-07-29 05:02:33,2,SCCU-15913,SCCU,0.0,0.0,0
2026-07-29 09:05:56.291253,2026-07-29 00:20:28,2,SCCU-15923,SCCU,0.0,0.0,0
2026-07-29 09:05:56.291253,2026-07-28 22:56:54,2,SCCU-27148,SCCU,54.1119,-3.228228,42
2026-07-29 09:05:56.291253,2026-07-28 18:50:37,509,SCCU-27160,SCCU,54.665684,-2.751527,288
2026-07-29 09:05:56.291253,2026-07-28 23:51:13,109,SCCU-27260,SCCU,53.761101,-2.695319,156
2026-07-29 09:05:56.291253,2026-07-29 04:06:18,109,SCCU-27290,SCCU,53.652992,-2.627343,168
2026-07-29 09:05:56.291253,2026-07-29 09:05:42,2,SCCU-28672,SCCU,53.648937,-2.609544,108
2026-07-29 09:06:18.352817,2026-07-29 09:06:02,2,SCCU-28672,SCCU,53.648941,-2.609528,108
2026-07-29 09:06:40.630185,2026-07-29 09:06:23,2,SCCU-28672,SCCU,53.648933,-2.609519,108
2026-07-29 09:07:03.104568,2026-07-29 09:06:43,2,SCCU-28672,SCCU,53.648937,-2.609514,108
2026-07-29 09:07:25.857265,2026-07-29 09:07:03,2,SCCU-28672,SCCU,53.648933,-2.609525,108
2026-07-29 09:07:48.438607,2026-07-29 09:07:23,2,SCCU-28672,SCCU,53.648941,-2.609544,108
2026-07-29 09:08:10.372179,2026-07-29 09:08:04,2,SCCU-28672,SCCU,53.64893,-2.609544,108
2026-07-29 09:08:32.663044,2026-07-29 09:08:24,2,SCCU-28672,SCCU,53.648914,-2.6095,108
2026-07-29 09:08:54.905639,2026-07-29 09:08:44,2,SCCU-28672,SCCU,53.648914,-2.60949,108
2026-07-29 09:09:17.792509,2026-07-29 09:09:04,2,SCCU-28672,SCCU,53.648914,-2.60949,108
2026-07-29 09:09:39.806852,2026-07-29 09:09:25,2,SCCU-28672,SCCU,53.648914,-2.609502,108
2026-07-29 09:10:02.147335,2026-07-29 09:09:45,2,SCCU-28672,SCCU,53.648933,-2.609534,108
2026-07-29 09:10:24.442917,2026-07-29 09:10:05,2,SCCU-28672,SCCU,53.648953,-2.609548,108
2026-07-29 09:10:46.849913,2026-07-29 09:10:25,2,SCCU-28672,SCCU,53.648949,-2.609558,108
2026-07-29 09:11:10.411978,2026-07-29 09:10:46,2,SCCU-28672,SCCU,53.648941,-2.609585,108
2026-07-29 09:11:33.746841,2026-07-29 09:11:26,2,SCCU-28672,SCCU,53.648933,-2.609577,108
2026-07-29 09:11:57.120506,2026-07-29 09:11:46,2,SCCU-28672,SCCU,53.648956,-2.60956,108
2026-07-29 09:12:20.087762,2026-07-29 09:12:07,2,SCCU-28672,SCCU,53.648968,-2.609549,108
2026-07-29 09:12:42.722334,2026-07-29 09:12:27,2,SCCU-28672,SCCU,53.648975,-2.609542,108
2026-07-29 09:05:56.291253,2026-07-29 04:29:57,2,SCCU-28678,SCCU,53.70739,-2.843021,0
2026-07-29 09:05:56.291253,2026-07-29 04:08:12,109,SCCU-28721,SCCU,53.760708,-2.695179,318
2026-07-29 09:05:56.291253,2026-07-29 02:00:09,516,SCCU-36100,SCCU,54.330292,-2.745362,162
2026-07-29 09:05:56.291253,2026-07-28 23:38:15,516,SCCU-36101,SCCU,54.430023,-2.963197,0
2026-07-29 09:05:56.291253,2026-07-28 22:32:02,516,SCCU-36104,SCCU,54.429966,-2.962524,96
2026-07-29 09:05:56.291253,2026-07-29 00:20:21,555,SCCU-36106,SCCU,54.3298,-2.745324,156
2026-07-29 09:05:56.291253,2026-07-29 04:00:27,2,SCCU-37042,SCCU,54.113903,-3.235363,312
2026-07-29 09:05:56.291253,2026-07-29 02:33:17,63A,SCCU-37092,SCCU,54.888058,-2.896603,282
2026-07-29 09:05:56.291253,2026-07-29 01:04:07,509,SCCU-37095,SCCU,54.662197,-2.757906,42
2026-07-29 09:05:56.291253,2026-07-28 23:23:38,2,SCCU-44044,SCCU,54.548374,-3.590221,36
2026-07-29 09:05:56.291253,2026-07-28 23:43:01,22,SCCU-44046,SCCU,54.548336,-3.588865,306
2026-07-29 09:05:56.291253,2026-07-28 22:45:33,32,SCCU-44047,SCCU,0.0,0.0,0
2026-07-29 09:05:56.291253,2026-07-29 03:42:12,22,SCCU-47944,SCCU,0.0,0.0,0
2026-07-29 09:05:56.291253,2026-07-29 00:19:04,P1,SCCU-48143,SCCU,53.75198,-2.678632,150
2026-07-29 09:05:56.291253,2026-07-28 23:58:22,19,SCMY-10818,SCMY,53.461857,-2.900798,0
2026-07-29 09:05:56.291253,2026-07-29 00:01:35,19,SCMY-10822,SCMY,53.481502,-2.889014,114
2026-07-29 09:05:56.291253,2026-07-28 23:34:39,19,SCMY-10825,SCMY,53.481346,-2.889061,288
2026-07-29 09:05:56.291253,2026-07-29 00:08:44,19,SCMY-10830,SCMY,53.462994,-2.897992,60
2026-07-29 09:05:56.291253,2026-07-29 04:34:26,19,SCMY-10839,SCMY,53.48135,-2.888982,288
2026-07-29 09:05:56.291253,2026-07-28 23:21:11,19,SCMY-10841,SCMY,53.463192,-2.899794,0
2026-07-29 09:05:56.291253,2026-07-29 03:32:15,19,SCMY-11108,SCMY,53.481728,-2.889571,18
2026-07-29 09:05:56.291253,2026-07-29 01:50:01,2,SCMY-15567,SCMY,53.194454,-2.889619,0
2026-07-29 09:05:56.291253,2026-07-28 22:41:44,2,SCMY-26060,SCMY,53.194744,-2.889496,114
2026-07-29 09:05:56.291253,2026-07-28 22:48:39,2,SCMY-27270,SCMY,53.194183,-2.889267,138
2026-07-29 09:05:56.291253,2026-07-28 23:25:00,2,SCMY-27925,SCMY,53.194721,-2.887679,66
2026-07-29 09:05:56.291253,2026-07-29 00:30:39,32,SCMY-36174,SCMY,53.50634,-2.931487,0
2026-07-29 09:05:56.291253,2026-07-29 05:02:45,2,SCMY-36802,SCMY,53.195671,-2.89186,90
2026-07-29 09:05:56.291253,2026-07-28 23:35:17,16A,SCMY-36811,SCMY,53.40197,-3.105569,54
2026-07-29 09:05:56.291253,2026-07-29 00:42:35,19,SCMY-80502,SCMY,53.40736,-2.982584,270
2026-07-29 09:05:56.291253,2026-07-29 03:58:45,19,SCMY-80503,SCMY,53.462337,-2.895837,282
2026-07-29 09:05:56.291253,2026-07-29 04:56:35,19,SCMY-80507,SCMY,53.462131,-2.895259,324
2026-07-29 09:05:56.291253,2026-07-29 09:05:39,19,SCMY-80508,SCMY,0.0,0.0,0
2026-07-29 09:06:18.352817,2026-07-29 09:06:00,19,SCMY-80508,SCMY,0.0,0.0,0
2026-07-29 09:06:40.630185,2026-07-29 09:06:20,19,SCMY-80508,SCMY,0.0,0.0,0
2026-07-29 09:07:03.104568,2026-07-29 09:06:40,19,SCMY-80508,SCMY,0.0,0.0,0
2026-07-29 09:07:25.857265,2026-07-29 09:07:00,19,SCMY-80508,SCMY,0.0,0.0,0
2026-07-29 09:07:48.438607,2026-07-29 09:07:40,19,SCMY-80508,SCMY,0.0,0.0,0
2026-07-29 09:08:10.372179,2026-07-29 09:08:00,19,SCMY-80508,SCMY,0.0,0.0,0
2026-07-29 09:08:32.663044,2026-07-29 09:08:20,19,SCMY-80508,SCMY,0.0,0.0,0
2026-07-29 09:08:54.905639,2026-07-29 09:08:41,19,SCMY-80508,SCMY,0.0,0.0,0
2026-07-29 09:09:17.792509,2026-07-29 09:09:01,19,SCMY-80508,SCMY,0.0,0.0,0
2026-07-29 09:09:39.806852,2026-07-29 09:09:21,19,SCMY-80508,SCMY,0.0,0.0,0
2026-07-29 09:10:02.147335,2026-07-29 09:09:41,19,SCMY-80508,SCMY,0.0,0.0,0
2026-07-29 09:10:24.442917,2026-07-29 09:10:01,19,SCMY-80508,SCMY,0.0,0.0,0
2026-07-29 09:10:46.849913,2026-07-29 09:10:22,19,SCMY-80508,SCMY,0.0,0.0,0
2026-07-29 09:11:10.411978,2026-07-29 09:11:02,19,SCMY-80508,SCMY,0.0,0.0,0
2026-07-29 09:11:33.746841,2026-07-29 09:11:22,19,SCMY-80508,SCMY,0.0,0.0,0
2026-07-29 09:11:57.120506,2026-07-29 09:11:42,19,SCMY-80508,SCMY,0.0,0.0,0
2026-07-29 09:12:20.087762,2026-07-29 09:12:02,19,SCMY-80508,SCMY,0.0,0.0,0
2026-07-29 09:12:42.722334,2026-07-29 09:12:22,19,SCMY-80508,SCMY,0.0,0.0,0
2026-07-29 09:13:03.933277,2026-07-29 09:12:42,19,SCMY-80508,SCMY,0.0,0.0,0
2026-07-29 09:13:26.007034,2026-07-29 09:13:03,19,SCMY-80508,SCMY,0.0,0.0,0
2026-07-29 09:13:48.360903,2026-07-29 09:13:23,19,SCMY-80508,SCMY,0.0,0.0,0
2026-07-29 09:14:10.654173,2026-07-29 09:14:03,19,SCMY-80508,SCMY,0.0,0.0,0
2026-07-29 09:14:32.790970,2026-07-29 09:14:23,19,SCMY-80508,SCMY,0.0,0.0,0
2026-07-29 09:14:55.272674,2026-07-29 09:14:43,19,SCMY-80508,SCMY,0.0,0.0,0
2026-07-29 09:15:17.516091,2026-07-29 09:15:03,19,SCMY-80508,SCMY,0.0,0.0,0
2026-07-29 09:15:39.679614,2026-07-29 09:15:23,19,SCMY-80508,SCMY,0.0,0.0,0
2026-07-29 09:16:02.075117,2026-07-29 09:15:43,19,SCMY-80508,SCMY,0.0,0.0,0
2026-07-29 09:16:24.561051,2026-07-29 09:16:04,19,SCMY-80508,SCMY,0.0,0.0,0
2026-07-29 09:16:46.138348,2026-07-29 09:16:24,19,SCMY-80508,SCMY,0.0,0.0,0
2026-07-29 09:17:08.013307,2026-07-29 09:16:44,19,SCMY-80508,SCMY,0.0,0.0,0
2026-07-29 09:17:29.535611,2026-07-29 09:17:24,19,SCMY-80508,SCMY,0.0,0.0,0
2026-07-29 09:17:51.388999,2026-07-29 09:17:45,19,SCMY-80508,SCMY,0.0,0.0,0
2026-07-29 09:18:14.111785,2026-07-29 09:18:05,19,SCMY-80508,SCMY,0.0,0.0,0
2026-07-29 09:18:36.531204,2026-07-29 09:18:25,19,SCMY-80508,SCMY,0.0,0.0,0
2026-07-29 09:18:58.641836,2026-07-29 09:18:45,19,SCMY-80508,SCMY,0.0,0.0,0
2026-07-29 09:19:20.600884,2026-07-29 09:19:05,19,SCMY-80508,SCMY,0.0,0.0,0
2026-07-29 09:19:43.650494,2026-07-29 09:19:25,19,SCMY-80508,SCMY,0.0,0.0,0
2026-07-29 09:20:06.728875,2026-07-29 09:19:45,19,SCMY-80508,SCMY,0.0,0.0,0
2026-07-29 09:20:29.109451,2026-07-29 09:20:05,19,SCMY-80508,SCMY,0.0,0.0,0
2026-07-29 09:20:50.319456,2026-07-29 09:20:26,19,SCMY-80508,SCMY,0.0,0.0,0
2026-07-29 09:21:11.510467,2026-07-29 09:20:46,19,SCMY-80508,SCMY,0.0,0.0,0
2026-07-29 09:21:33.246187,2026-07-29 09:21:26,19,SCMY-80508,SCMY,0.0,0.0,0
2026-07-29 09:21:56.391612,2026-07-29 09:21:46,19,SCMY-80508,SCMY,0.0,0.0,0
2026-07-29 09:22:18.823442,2026-07-29 09:22:07,19,SCMY-80508,SCMY,0.0,0.0,0
2026-07-29 09:22:41.419408,2026-07-29 09:22:27,19,SCMY-80508,SCMY,0.0,0.0,0
2026-07-29 09:23:03.940011,2026-07-29 09:22:47,19,SCMY-80508,SCMY,0.0,0.0,0
2026-07-29 09:23:26.823443,2026-07-29 09:23:07,19,SCMY-80508,SCMY,0.0,0.0,0
2026-07-29 09:23:49.519451,2026-07-29 09:23:27,19,SCMY-80508,SCMY,0.0,0.0,0
2026-07-29 09:24:12.054822,2026-07-29 09:23:47,19,SCMY-80508,SCMY,0.0,0.0,0
2026-07-29 09:24:34.597150,2026-07-29 09:24:28,19,SCMY-80508,SCMY,0.0,0.0,0
2026-07-29 09:05:56.291253,2026-07-28 22:49:57,19,SCMY-80513,SCMY,53.481468,-2.888986,108
2026-07-29 09:08:32.663044,2026-07-29 09:08:21,19,SCMY-80513,SCMY,53.463123,-2.899818,0
2026-07-29 09:08:54.905639,2026-07-29 09:08:41,19,SCMY-80513,SCMY,53.463093,-2.89981,0
2026-07-29 09:09:17.792509,2026-07-29 09:09:01,19,SCMY-80513,SCMY,53.463043,-2.899731,0
2026-07-29 09:09:39.806852,2026-07-29 09:09:21,19,SCMY-80513,SCMY,53.463055,-2.899705,0
2026-07-29 09:10:02.147335,2026-07-29 09:09:42,19,SCMY-80513,SCMY,53.463036,-2.899693,0
2026-07-29 09:10:24.442917,2026-07-29 09:10:02,19,SCMY-80513,SCMY,53.463081,-2.899746,0
2026-07-29 09:10:46.849913,2026-07-29 09:10:22,19,SCMY-80513,SCMY,53.463116,-2.899727,0
2026-07-29 09:11:10.411978,2026-07-29 09:11:02,19,SCMY-80513,SCMY,53.463074,-2.899672,0
2026-07-29 09:11:33.746841,2026-07-29 09:11:22,19,SCMY-80513,SCMY,53.463066,-2.899704,0
2026-07-29 09:11:57.120506,2026-07-29 09:11:42,19,SCMY-80513,SCMY,53.463085,-2.899745,0
2026-07-29 09:12:20.087762,2026-07-29 09:12:03,19,SCMY-80513,SCMY,53.463089,-2.899755,0
2026-07-29 09:12:42.722334,2026-07-29 09:12:23,19,SCMY-80513,SCMY,53.463142,-2.899754,0
2026-07-29 09:13:03.933277,2026-07-29 09:12:43,19,SCMY-80513,SCMY,53.463139,-2.899798,0
2026-07-29 09:13:26.007034,2026-07-29 09:13:03,19,SCMY-80513,SCMY,53.463146,-2.899761,0
2026-07-29 09:13:48.360903,2026-07-29 09:13:23,19,SCMY-80513,SCMY,53.463112,-2.899765,0
2026-07-29 09:14:10.654173,2026-07-29 09:14:03,19,SCMY-80513,SCMY,53.463123,-2.89951,96
2026-07-29 09:14:32.790970,2026-07-29 09:14:23,19,SCMY-80513,SCMY,53.462852,-2.899002,156
2026-07-29 09:14:55.272674,2026-07-29 09:14:43,19,SCMY-80513,SCMY,53.462536,-2.899198,234
2026-07-29 09:15:17.516091,2026-07-29 09:15:04,19,SCMY-80513,SCMY,53.462154,-2.899861,0
2026-07-29 09:15:39.679614,2026-07-29 09:15:24,19,SCMY-80513,SCMY,53.461895,-2.900426,222
2026-07-29 09:16:02.075117,2026-07-29 09:15:44,19,SCMY-80513,SCMY,53.461849,-2.900693,222
2026-07-29 09:16:24.561051,2026-07-29 09:16:04,19,SCMY-80513,SCMY,53.461899,-2.900773,222
2026-07-29 09:16:46.138348,2026-07-29 09:16:24,19,SCMY-80513,SCMY,53.46162,-2.900543,162
2026-07-29 09:17:08.013307,2026-07-29 09:16:44,19,SCMY-80513,SCMY,53.461178,-2.901083,0
2026-07-29 09:17:29.535611,2026-07-29 09:17:25,19,SCMY-80513,SCMY,53.461109,-2.900891,0
2026-07-29 09:17:51.388999,2026-07-29 09:17:45,19,SCMY-80513,SCMY,53.461037,-2.900914,0
2026-07-29 09:18:14.111785,2026-07-29 09:18:05,19,SCMY-80513,SCMY,53.461002,-2.90096,0
2026-07-29 09:18:36.531204,2026-07-29 09:18:25,19,SCMY-80513,SCMY,53.461258,-2.900657,36
2026-07-29 09:18:58.641836,2026-07-29 09:18:45,19,SCMY-80513,SCMY,53.461247,-2.900627,36
2026-07-29 09:19:20.600884,2026-07-29 09:19:06,19,SCMY-80513,SCMY,53.461063,-2.900848,36
2026-07-29 09:19:43.650494,2026-07-29 09:19:26,19,SCMY-80513,SCMY,53.461029,-2.900885,36
2026-07-29 09:20:06.728875,2026-07-29 09:19:46,19,SCMY-80513,SCMY,53.461048,-2.900686,36
2026-07-29 09:20:29.109451,2026-07-29 09:20:06,19,SCMY-80513,SCMY,53.461014,-2.900832,36
2026-07-29 09:20:50.319456,2026-07-29 09:20:26,19,SCMY-80513,SCMY,53.461037,-2.900816,36
2026-07-29 09:21:11.510467,2026-07-29 09:20:47,19,SCMY-80513,SCMY,53.461227,-2.900481,36
2026-07-29 09:21:33.246187,2026-07-29 09:21:27,19,SCMY-80513,SCMY,53.460819,-2.901123,222
2026-07-29 09:21:56.391612,2026-07-29 09:21:47,19,SCMY-80513,SCMY,53.46067,-2.901447,210
2026-07-29 09:22:18.823442,2026-07-29 09:22:07,19,SCMY-80513,SCMY,53.460781,-2.901316,210
2026-07-29 09:22:41.419408,2026-07-29 09:22:27,19,SCMY-80513,SCMY,53.460941,-2.901078,210
2026-07-29 09:23:03.940011,2026-07-29 09:22:48,19,SCMY-80513,SCMY,53.461041,-2.900918,210
2026-07-29 09:23:26.823443,2026-07-29 09:23:08,19,SCMY-80513,SCMY,53.460987,-2.900952,210
2026-07-29 09:23:49.519451,2026-07-29 09:23:28,19,SCMY-80513,SCMY,53.461002,-2.90091,210
2026-07-29 09:24:12.054822,2026-07-29 09:23:48,19,SCMY-80513,SCMY,53.461109,-2.900718,0
2026-07-29 09:24:34.597150,2026-07-29 09:24:28,19,SCMY-80513,SCMY,53.461426,-2.900519,30
2026-07-29 09:05:56.291253,2026-07-29 00:39:59,19,SCMY-80521,SCMY,53.407536,-2.971699,0
2026-07-29 09:05:56.291253,2026-07-29 00:28:19,19,SCMY-80529,SCMY,53.481381,-2.888646,180
2026-07-29 09:05:56.291253,2026-07-28 23:34:39,19,SCMY-82437,SCMY,53.407345,-2.982626,270
2026-07-29 09:05:56.291253,2026-07-29 00:12:18,1A,SCCU-10019,SCCU,54.050888,-2.800404,42
2026-07-29 09:05:56.291253,2026-07-28 23:26:33,1A,SCCU-10028,SCCU,54.050739,-2.800564,6
2026-07-29 09:05:56.291253,2026-07-29 00:29:41,1A,SCCU-10030,SCCU,54.042198,-2.894646,126
2026-07-29 09:05:56.291253,2026-07-28 16:16:48,4,SCCU-10552,SCCU,54.120094,-3.230922,150
2026-07-29 09:05:56.291253,2026-07-29 05:10:12,1A,SCCU-10563,SCCU,54.061298,-2.852017,72
2026-07-29 09:05:56.291253,2026-07-29 05:27:43,1A,SCCU-11141,SCCU,54.064217,-2.886248,234
2026-07-29 09:05:56.291253,2026-07-28 23:10:34,1A,SCCU-11143,SCCU,54.042278,-2.894797,150
2026-07-29 09:05:56.291253,2026-07-29 04:42:34,1A,SCCU-11146,SCCU,54.042507,-2.894315,12
2026-07-29 09:05:56.291253,2026-07-28 23:51:49,1A,SCCU-11147,SCCU,54.002045,-2.789112,264
2026-07-29 09:05:56.291253,2026-07-28 23:10:16,67,SCCU-11158,SCCU,54.892059,-2.933559,318
2026-07-29 09:05:56.291253,2026-07-28 23:32:01,1A,SCCU-11203,SCCU,54.042454,-2.894357,6
2026-07-29 09:05:56.291253,2026-07-29 04:56:41,1A,SCCU-11214,SCCU,54.042068,-2.894318,174
2026-07-29 09:24:34.597150,2026-07-29 09:24:17,1A,SCCU-15239,SCCU,53.761013,-2.695233,168
2026-07-29 09:24:56.798148,2026-07-29 09:24:37,1A,SCCU-15239,SCCU,53.761002,-2.695225,168
2026-07-29 09:05:56.291253,2026-07-29 00:58:35,1A,SCCU-15686,SCCU,54.050404,-2.800297,294
2026-07-29 09:05:56.291253,2026-07-29 01:55:37,1A,SCCU-19231,SCCU,54.065147,-2.840882,240
2026-07-29 09:05:56.291253,2026-07-28 22:46:44,67,SCCU-27142,SCCU,54.892166,-2.93375,318
2026-07-29 09:05:56.291253,2026-07-29 04:28:57,67,SCCU-27224,SCCU,54.898636,-2.948629,138
2026-07-29 09:05:56.291253,2026-07-29 00:26:17,67,SCCU-27225,SCCU,54.870762,-2.921733,0
2026-07-29 09:05:56.291253,2026-07-29 04:25:50,1A,SCCU-28642,SCCU,53.754818,-2.689069,0
2026-07-29 09:05:56.291253,2026-07-29 03:42:58,67,SCCU-36195,SCCU,54.89624,-2.983856,276
2026-07-29 09:05:56.291253,2026-07-28 23:10:51,4,SCCU-36987,SCCU,54.116363,-3.241535,324
2026-07-29 09:05:56.291253,2026-07-28 23:31:54,67,SCCU-37094,SCCU,54.891956,-2.933244,300
2026-07-29 09:05:56.291253,2026-07-28 23:44:49,1A,SCCU-47964,SCCU,54.61541,-3.516832,318
2026-07-29 09:05:56.291253,2026-07-29 00:46:20,29,SCCU-47965,SCCU,54.643536,-3.548501,24
2026-07-29 09:05:56.291253,2026-07-29 05:30:38,217A,SCMY-10823,SCMY,53.481674,-2.889523,114
2026-07-29 09:05:56.291253,2026-07-29 01:49:52,217A,SCMY-10829,SCMY,53.360172,-2.8301,324
2026-07-29 09:05:56.291253,2026-07-29 05:22:07,17,SCMY-10835,SCMY,53.465202,-2.928269,330
2026-07-29 09:05:56.291253,2026-07-28 23:46:38,17,SCMY-10837,SCMY,53.464874,-2.928159,330
2026-07-29 09:05:56.291253,2026-07-28 23:59:41,4,SCMY-36317,SCMY,53.401039,-2.988971,330
2026-07-29 09:05:56.291253,2026-07-28 23:03:03,17,SCMY-36807,SCMY,53.402309,-3.112015,162
2026-07-29 09:05:56.291253,2026-07-29 00:03:46,17,SCMY-37127,SCMY,53.402916,-3.112262,168
2026-07-29 09:05:56.291253,2026-07-29 00:37:12,17,SCMY-37129,SCMY,53.370281,-3.093582,90
2026-07-29 09:05:56.291253,2026-07-29 00:44:48,17,SCMY-80505,SCMY,53.464893,-2.927992,0
2026-07-29 09:05:56.291253,2026-07-28 23:36:58,17,SCMY-80512,SCMY,53.464821,-2.928144,330
2026-07-29 09:05:56.291253,2026-07-28 15:34:59,17,SCMY-80524,SCMY,53.465099,-2.928136,342
2026-07-29 09:05:56.291253,2026-07-29 00:11:53,17,SCMY-82429,SCMY,53.465076,-2.928262,336
2026-07-29 09:05:56.291253,2026-07-29 01:16:28,17,SCMY-82446,SCMY,53.40736,-2.9823,234
2026-07-29 09:05:56.291253,2026-07-29 00:04:22,6A,SCCU-10021,SCCU,54.050625,-2.801462,66
2026-07-29 09:05:56.291253,2026-07-29 00:32:46,42,SCCU-10023,SCCU,54.050812,-2.800984,60
2026-07-29 09:05:56.291253,2026-07-29 04:37:51,41,SCCU-10024,SCCU,53.876022,-2.759958,168
2026-07-29 09:05:56.291253,2026-07-28 19:48:00,6A,SCCU-10026,SCCU,54.050468,-2.800615,336
2026-07-29 09:05:56.291253,2026-07-29 02:14:18,41,SCCU-10027,SCCU,54.050549,-2.800873,108
2026-07-29 09:05:56.291253,2026-07-28 22:38:45,42,SCCU-10031,SCCU,54.050736,-2.801108,0
2026-07-29 09:05:56.291253,2026-07-28 23:43:08,6A,SCCU-10556,SCCU,54.110943,-3.23047,138
2026-07-29 09:05:56.291253,2026-07-28 11:42:33,6A,SCCU-10557,SCCU,54.194084,-3.094399,324
2026-07-29 09:05:56.291253,2026-07-28 23:05:31,6A,SCCU-10558,SCCU,54.111923,-3.228245,48
2026-07-29 09:05:56.291253,2026-07-29 04:12:52,41,SCCU-11148,SCCU,54.050285,-2.80117,258
2026-07-29 09:05:56.291253,2026-07-28 22:57:00,X4,SCCU-11153,SCCU,54.643902,-3.548866,18
2026-07-29 09:05:56.291253,2026-07-29 00:42:40,6A,SCCU-11207,SCCU,54.05072,-2.800572,354
2026-07-29 09:05:56.291253,2026-07-29 00:50:48,41,SCCU-11208,SCCU,54.050579,-2.801552,318
2026-07-29 09:05:56.291253,2026-07-29 03:10:11,59,SCCU-11634,SCCU,53.760544,-2.695327,336
2026-07-29 09:05:56.291253,2026-07-29 01:09:43,78,SCCU-13804,SCCU,54.603016,-3.139424,0
2026-07-29 09:05:56.291253,2026-07-28 14:53:45,78,SCCU-13805,SCCU,54.483784,-3.031662,342
2026-07-29 09:05:56.291253,2026-07-28 22:44:40,78,SCCU-13807,SCCU,54.601605,-3.14184,228
2026-07-29 09:05:56.291253,2026-07-29 00:33:30,59,SCCU-15473,SCCU,53.760632,-2.695056,348
2026-07-29 09:05:56.291253,2026-07-29 00:41:38,59,SCCU-15576,SCCU,53.760345,-2.695694,246
2026-07-29 09:05:56.291253,2026-07-28 12:47:47,280,SCCU-15577,SCCU,53.818317,-2.410543,66
2026-07-29 09:05:56.291253,2026-07-29 04:18:58,59,SCCU-15593,SCCU,53.760609,-2.695482,0
2026-07-29 09:05:56.291253,2026-07-28 23:45:29,6A,SCCU-15682,SCCU,54.07069,-2.870771,114
2026-07-29 09:05:56.291253,2026-07-29 04:37:51,6A,SCCU-15726,SCCU,54.178211,-3.097148,180
2026-07-29 09:05:56.291253,2026-07-28 14:15:58,42,SCCU-15820,SCCU,54.051384,-2.797935,72
2026-07-29 09:05:56.291253,2026-07-29 05:02:57,42,SCCU-15821,SCCU,54.050892,-2.800422,78
2026-07-29 09:05:56.291253,2026-07-29 00:56:18,X4,SCCU-15846,SCCU,54.643909,-3.549173,6
2026-07-29 09:05:56.291253,2026-07-29 00:18:59,59,SCCU-19241,SCCU,53.738545,-2.472183,282
2026-07-29 09:05:56.291253,2026-07-28 12:08:25,59,SCCU-27114,SCCU,53.760746,-2.695245,0
2026-07-29 09:05:56.291253,2026-07-29 04:31:50,6A,SCCU-27171,SCCU,0.0,0.0,0
2026-07-29 09:05:56.291253,2026-07-28 23:50:22,280,SCCU-27262,SCCU,53.917053,-2.143208,222
2026-07-29 09:05:56.291253,2026-07-29 01:20:57,59,SCCU-27267,SCCU,53.753841,-2.366645,330
2026-07-29 09:05:56.291253,2026-07-29 01:15:10,280,SCCU-27269,SCCU,53.760563,-2.694975,330
2026-07-29 09:05:56.291253,2026-07-28 19:00:23,59,SCCU-28710,SCCU,53.760586,-2.69554,312
2026-07-29 09:05:56.291253,2026-07-28 23:58:56,280,SCCU-28711,SCCU,53.760574,-2.695517,324
2026-07-29 09:05:56.291253,2026-07-29 00:35:23,6A,SCCU-36986,SCCU,54.11126,-3.229714,48
2026-07-29 09:05:56.291253,2026-07-28 23:16:46,534,SCCU-37106,SCCU,54.193191,-2.909317,24
2026-07-29 09:05:56.291253,2026-07-28 22:56:16,42,SCCU-37119,SCCU,54.331924,-2.742458,348
2026-07-29 09:05:56.291253,2026-07-29 05:13:57,41,SCCU-37487,SCCU,54.050343,-2.801164,90
2026-07-29 09:05:56.291253,2026-07-28 23:13:30,43A,SCCU-47333,SCCU,54.332004,-2.742597,12
2026-07-29 09:05:56.291253,2026-07-29 00:42:49,77A,SCCU-47921,SCCU,54.663757,-3.365595,78
2026-07-29 09:05:56.291253,2026-07-29 00:56:19,88,SCCU-48130,SCCU,54.050461,-2.801225,108
2026-07-29 09:05:56.291253,2026-07-29 02:46:58,6A,SCCU-48197,SCCU,54.112122,-3.22813,138
2026-07-29 09:05:56.291253,2026-07-28 23:27:13,X1,SCMY-11106,SCMY,53.194515,-2.888376,318
2026-07-29 09:05:56.291253,2026-07-29 00:35:21,X1,SCMY-11646,SCMY,53.408153,-2.983638,228
2026-07-29 09:05:56.291253,2026-07-28 23:26:58,41,SCMY-15469,SCMY,53.368385,-3.002692,102
2026-07-29 09:05:56.291253,2026-07-29 00:00:24,41,SCMY-15470,SCMY,53.368263,-3.003333,150
2026-07-29 09:05:56.291253,2026-07-28 23:49:16,84,SCMY-15740,SCMY,53.18243,-2.840802,138
2026-07-29 09:05:56.291253,2026-07-29 00:45:12,41,SCMY-15850,SCMY,53.368298,-3.003177,72
2026-07-29 09:05:56.291253,2026-07-29 03:17:49,84,SCMY-26050,SCMY,53.194252,-2.889274,138
2026-07-29 09:05:56.291253,2026-07-29 07:53:13,23,SCMY-26051,SCMY,53.166699,-2.825692,0
2026-07-29 09:05:56.291253,2026-07-28 23:22:53,PR2,SCMY-26054,SCMY,53.179997,-2.837008,126
2026-07-29 09:05:56.291253,2026-07-28 23:32:32,PR2,SCMY-26056,SCMY,53.186165,-2.852235,18
2026-07-29 09:05:56.291253,2026-07-29 04:17:09,15,SCMY-26059,SCMY,53.228798,-2.952182,36
2026-07-29 09:05:56.291253,2026-07-29 02:28:40,84,SCMY-26062,SCMY,53.193993,-2.888853,126
2026-07-29 09:05:56.291253,2026-07-28 13:47:33,84,SCMY-27213,SCMY,53.194847,-2.889823,156
2026-07-29 09:05:56.291253,2026-07-29 00:29:05,84,SCMY-27217,SCMY,53.194199,-2.887991,330
2026-07-29 09:23:26.823443,2026-07-29 09:23:14,41,SCMY-27219,SCMY,53.306854,-2.979186,0
2026-07-29 09:23:49.519451,2026-07-29 09:23:34,41,SCMY-27219,SCMY,53.306873,-2.979235,0
2026-07-29 09:24:12.054822,2026-07-29 09:23:54,41,SCMY-27219,SCMY,53.306904,-2.979209,0
2026-07-29 09:24:34.597150,2026-07-29 09:24:14,41,SCMY-27219,SCMY,53.306904,-2.979149,0
2026-07-29 09:24:56.798148,2026-07-29 09:24:34,41,SCMY-27219,SCMY,53.306908,-2.97921,0
2026-07-29 09:05:56.291253,2026-07-29 00:12:32,84,SCMY-27255,SCMY,53.19453,-2.889807,150
2026-07-29 09:05:56.291253,2026-07-29 00:10:42,84,SCMY-27256,SCMY,53.068794,-2.520597,0
2026-07-29 09:05:56.291253,2026-07-28 21:03:39,84,SCMY-27257,SCMY,53.132427,-2.628718,120
2026-07-29 09:05:56.291253,2026-07-29 01:32:21,84,SCMY-27258,SCMY,53.194447,-2.889529,246
2026-07-29 09:05:56.291253,2026-07-28 23:40:27,84,SCMY-27261,SCMY,53.194119,-2.887871,336
2026-07-29 09:05:56.291253,2026-07-29 03:24:08,41,SCMY-27289,SCMY,53.30595,-2.981079,48
2026-07-29 09:05:56.291253,2026-07-29 04:56:43,41,SCMY-27292,SCMY,53.367447,-3.002778,336
2026-07-29 09:21:11.510467,2026-07-29 09:20:53,41,SCMY-27292,SCMY,53.36797,-3.002818,0
2026-07-29 09:21:33.246187,2026-07-29 09:21:13,41,SCMY-27292,SCMY,53.367943,-3.002829,0
2026-07-29 09:21:56.391612,2026-07-29 09:21:33,41,SCMY-27292,SCMY,53.367557,-3.002553,0
2026-07-29 09:22:18.823442,2026-07-29 09:21:53,41,SCMY-27292,SCMY,53.367531,-3.002618,0
2026-07-29 09:22:41.419408,2026-07-29 09:22:34,41,SCMY-27292,SCMY,53.36755,-3.002591,0
2026-07-29 09:23:03.940011,2026-07-29 09:22:54,41,SCMY-27292,SCMY,53.367569,-3.002569,0
2026-07-29 09:23:26.823443,2026-07-29 09:23:14,41,SCMY-27292,SCMY,53.367481,-3.002697,252
2026-07-29 09:23:49.519451,2026-07-29 09:23:34,41,SCMY-27292,SCMY,53.368858,-3.003949,330
2026-07-29 09:24:12.054822,2026-07-29 09:23:54,41,SCMY-27292,SCMY,53.371052,-3.005788,330
2026-07-29 09:24:34.597150,2026-07-29 09:24:14,41,SCMY-27292,SCMY,53.372746,-3.007195,330
2026-07-29 09:24:56.798148,2026-07-29 09:24:35,41,SCMY-27292,SCMY,53.374203,-3.008348,336
2026-07-29 09:05:56.291253,2026-07-28 22:54:33,41,SCMY-27297,SCMY,53.367901,-3.002395,144
2026-07-29 09:05:56.291253,2026-07-29 00:00:01,41,SCMY-27892,SCMY,53.391342,-3.021973,24
2026-07-29 09:05:56.291253,2026-07-29 00:13:12,42,SCMY-27893,SCMY,53.368397,-3.002964,48
2026-07-29 09:05:56.291253,2026-07-29 01:17:40,41,SCMY-27894,SCMY,53.366379,-3.001897,330
2026-07-29 09:05:56.291253,2026-07-29 00:16:37,41,SCMY-27898,SCMY,53.36758,-3.002875,330
2026-07-29 09:05:56.291253,2026-07-29 01:33:21,41,SCMY-27899,SCMY,53.368454,-3.002769,156
2026-07-29 09:05:56.291253,2026-07-28 22:51:03,26,SCMY-36814,SCMY,0.0,0.0,0
2026-07-29 09:05:56.291253,2026-07-29 01:00:21,15,SCMY-36819,SCMY,53.194378,-2.889399,120
2026-07-29 09:05:56.291253,2026-07-28 23:29:54,23,SCMY-37329,SCMY,53.29734,-2.976805,342
2026-07-29 09:05:56.291253,2026-07-29 00:11:44,6A,SCMY-47922,SCMY,53.276966,-2.902179,318
2026-07-29 09:05:56.291253,2026-07-29 00:32:50,6A,SCMY-48194,SCMY,53.276852,-2.902036,318
2026-07-29 09:05:56.291253,2026-07-28 23:16:28,53,SCMY-82402,SCMY,53.407436,-2.982004,246
2026-07-29 09:05:56.291253,2026-07-29 03:02:21,53,SCMY-82405,SCMY,53.490742,-3.027338,48
2026-07-29 09:05:56.291253,2026-07-28 23:12:16,53,SCMY-82408,SCMY,53.491509,-3.026774,150
2026-07-29 09:05:56.291253,2026-07-29 00:41:54,53,SCMY-82416,SCMY,53.491306,-3.026611,18
2026-07-29 09:05:56.291253,2026-07-28 18:35:51,53,SCMY-82431,SCMY,53.491749,-3.026945,150
2026-07-29 09:05:56.291253,2026-07-29 03:11:21,53,SCMY-82436,SCMY,53.461987,-2.90064,6
2026-07-29 09:05:56.291253,2026-07-29 00:07:28,53,SCMY-82441,SCMY,53.491333,-3.026571,36
2026-07-29 09:05:56.291253,2026-07-29 02:07:05,53,SCMY-82445,SCMY,53.491997,-3.027084,162
